index,open,high,low,close,volume,unadjustedVolume,change,changePercent,vwap
1,52.2958,52.6159,51.2234,51.5616,21743148,5435787,-0.47342,-0.91,51.5629
2,51.7282,52.1437,51.0567,51.82,14915444,3728861,0.258445,0.501,51.4008
3,51.506,52.3514,51.4773,52.0785,13523608,3380902,0.258452,0.499,51.7692
4,52.192,52.8997,52.1195,52.8997,12728848,3182212,0.821235,1.577,52.6547
5,53.1847,53.6219,52.7668,53.5688,12580416,3145104,0.669065,1.265,52.813
6,53.5953,53.6533,53.1364,53.2717,10318436,2579609,-0.297095,-0.555,53.3313
7,53.4118,53.8369,53.1509,53.7016,9817868,2454467,0.429941,0.807,53.6009
8,54.067,54.4203,53.9339,54.2436,14656320,3664080,0.542022,1.009,54.1659
9,53.9242,54.384,53.8299,54.2146,13158980,3289745,-0.029039,-0.054,54.2079
10,54.2678,54.7445,54.0839,54.6864,12745548,3186387,0.471853,0.87,54.5648
11,54.8026,55.2865,54.5945,54.7009,13428924,3357231,0.014517,0.027,54.8426
12,54.655,55.1196,54.125,54.1734,9342232,2335558,-0.527506,-0.964,54.5404
13,54.2412,54.4372,53.8613,54.0718,8810584,2202646,-0.101632,-0.188,54.0601
14,54.1371,54.3646,53.9557,54.0476,9137596,2284399,-0.024195,-0.045,54.1305
15,54.1371,55.0325,54.073,54.7324,10879264,2719816,0.68479,1.267,54.7486
16,54.7324,55.2744,54.5633,54.955,11341748,2835437,0.222618,0.407,54.9882
17,54.9841,55.1462,54.5074,54.713,10413568,2603392,-0.241976,-0.44,54.8001
18,54.7324,55.122,54.5896,54.7542,8106904,2026726,0.041136,0.075,54.8072
19,54.8002,55.168,53.404,54.6719,14006976,3501744,-0.082273,-0.15,54.7649
20,54.0186,54.2122,53.1354,53.583,16422960,4105740,-1.0889,-1.992,53.5735
21,54.4808,54.6792,53.8589,54.5654,14939076,3734769,0.982419,1.833,54.3764
22,54.5945,54.638,53.7911,53.9145,11329892,2832473,-0.650912,-1.193,54.0545
23,54.1444,54.7034,54.0379,54.1686,9125960,2281490,0.254075,0.471,54.3758
24,54.4324,54.6211,54.0912,54.58,8971584,2242896,0.411358,0.759,54.4772
25,54.5679,54.776,54.3767,54.5654,7355232,1838808,-0.014521,-0.027,54.5638
26,54.6743,55.2648,54.3549,54.972,11065384,2766346,0.406521,0.745,54.9118
27,54.7155,55.0929,54.5146,54.7106,9400596,2350149,-0.261337,-0.475,54.7401
28,54.8461,55.047,53.3386,53.4233,11996536,2999134,-1.2873,-2.353,51.2648
29,53.3846,53.6994,52.8861,53.4209,13696284,3424071,-0.002418,-0.005,53.4137
30,53.7161,54.1734,53.5685,54.1492,8809800,2202450,0.728346,1.363,54.0025
31,54.3477,54.8728,54.021,54.7856,8304828,2076207,0.636395,1.175,54.6292
32,54.834,54.9502,53.7185,54.1589,7888832,1972208,-0.626718,-1.144,53.9266
33,54.2315,54.2315,53.4548,53.675,11890688,2972672,-0.483951,-0.894,53.7901
34,53.9532,56.3004,53.162,54.05,38097696,9524424,0.375062,0.699,53.9513
35,54.5388,54.7421,53.0168,53.4161,18236012,4559003,-0.633976,-1.173,53.5076
36,53.7645,53.9702,52.8474,52.8474,11678368,2919592,-0.568643,-1.065,53.214
37,53.2225,53.2806,52.1892,52.1892,10667356,2666839,-0.658172,-1.245,52.5823
38,51.9981,52.3078,51.5529,52.211,10523928,2630982,0.021778,0.042,51.333
39,51.8989,52.349,50.9407,51.3206,14949844,3737461,-0.89047,-1.706,51.6107
40,51.4899,52.2328,51.2192,52.2328,11639284,2909821,0.91225,1.778,51.9822
41,52.528,52.789,51.9158,51.9521,9092024,2273006,-0.280693,-0.537,52.2223
42,51.9715,52.3877,51.6303,51.9424,9342376,2335594,-0.009678,-0.019,51.944
43,52.2159,52.3344,51.6327,52.0271,14227788,3556947,0.084688,0.163,51.9445
44,52.1626,52.1965,49.7864,50.2583,24484052,6121013,-1.7688,-3.4,50.6129
45,50.0357,50.1954,48.6421,49.2202,40159600,10039900,-1.0381,-2.065,49.2148
46,49.0774,49.8276,48.879,49.0218,21756416,5439104,-0.198421,-0.403,49.3109
47,49.5033,50.2776,49.029,50.2196,19166028,4791507,1.1978,2.443,49.7903
48,50.3938,50.5898,48.4314,48.7701,20432336,5108084,-1.4494,-2.886,48.8126
49,48.2088,48.3951,47.1465,47.5796,29940648,7485162,-1.1905,-2.441,47.7329
50,48.3467,48.8669,47.9135,48.6395,20953096,5238274,1.0599,2.228,48.4622
51,49.3243,49.5904,48.1942,49.3751,19233132,4808283,0.735601,1.512,49.0338
52,50.0889,50.7084,49.7211,50.66,15832712,3958178,1.2849,2.602,50.333
53,50.8971,51.1875,50.3188,50.3188,13379428,3344857,-0.341185,-0.673,50.6822
54,50.568,50.6938,50.4252,50.6043,10024080,2506020,0.285532,0.567,50.562
55,50.6551,50.9552,50.4591,50.8076,9840268,2460067,0.203259,0.402,50.8292
56,50.8874,50.8874,50.3309,50.5293,8823036,2205759,-0.27827,-0.548,50.5306
57,50.7664,50.9358,50.2317,50.6696,13547036,3386759,0.140345,0.278,50.4981
58,48.3951,49.3146,48.0466,48.1362,38252420,9563105,-2.5335,-5,48.5742
59,48.2741,48.8621,48.1555,48.7387,24263088,6065772,0.602518,1.252,48.5124
60,48.8524,49.3751,48.8282,49.0411,12761224,3190306,0.30247,0.621,49.1187
61,48.9419,49.2759,48.8548,49.0266,12146640,3036660,-0.014519,-0.03,49.3358
62,49.3872,50.1639,49.2081,49.8687,14273132,3568283,0.842075,1.718,49.8473
63,49.784,50.1131,49.363,49.4646,10909288,2727322,-0.404099,-0.81,49.5725
64,49.3025,50.3018,49.121,50.1204,13794736,3448684,0.655751,1.326,49.8717
65,50.0163,50.0937,49.6533,49.6921,10873108,2718277,-0.428296,-0.855,50.5659
66,50.0913,50.5729,49.4682,50.5003,14733460,3683365,0.808199,1.626,50.2171
67,50.5559,51.323,50.4785,51.0326,14613708,3653427,0.532344,1.054,50.9828
68,50.8584,51.0253,50.3672,51.0108,11795560,2948890,-0.021775,-0.043,50.9388
69,51.0762,51.4149,51.0641,51.2262,8732816,2183204,0.215357,0.422,51.2528
70,51.2964,51.4657,51.1536,51.3133,7137552,1784388,0.08711,0.17,51.2933
71,51.2018,51.3666,50.8769,50.8769,6852788,1713197,-0.43639,-0.85,51.064
72,50.6684,50.8357,50.0429,50.2926,12698028,3174507,-0.584263,-1.148,50.3513
73,50.3266,50.9327,50.3266,50.8648,12283908,3070977,0.572141,1.138,50.6038
74,50.7605,51.1484,50.632,50.9981,7039712,1759928,0.133336,0.262,50.9132
75,50.9884,50.9884,50.2805,50.4066,8752780,2188195,-0.591533,-1.16,50.5028
76,50.632,51.073,50.569,50.9351,9096584,2274146,0.528502,1.048,50.8963
77,50.9424,50.9787,50.5945,50.7581,16870016,4217504,-0.176976,-0.347,50.7796
78,50.9084,51.4612,50.8393,51.4127,11128052,2782013,0.654567,1.29,51.2686
79,51.6357,52.0066,51.5945,52.0018,9677532,2419383,0.589112,1.146,51.8721
80,52.0018,52.0018,51.6394,51.8321,7223280,1805820,-0.169702,-0.326,51.8445
81,51.8806,52.0479,51.7594,52.043,5260332,1315083,0.210916,0.407,51.9165
82,52.3363,52.3533,51.7181,52.0818,6142704,1535676,0.038789,0.075,52.3103
83,52.2127,52.2903,51.5994,51.7642,6383700,1595925,-0.317587,-0.61,51.8048
84,51.6454,51.6944,51.1048,51.2309,9011896,2252974,-0.533352,-1.03,51.2616
85,51.1921,51.2575,50.7775,51.2575,12601292,3150323,0.026668,0.052,51.0397
86,51.4248,51.5169,51.0612,51.449,6597612,1649403,0.191523,0.374,51.2418
87,51.5242,51.7351,51.3012,51.6381,10002916,2500729,0.189096,0.368,51.5642
88,51.7569,51.8781,51.306,51.5363,5516436,1379109,-0.101821,-0.197,51.555
89,51.6381,52.0697,51.5775,51.9412,6851652,1712913,0.404863,0.786,51.8692
90,51.6357,51.8588,51.4248,51.5606,6767444,1691861,-0.380618,-0.733,51.5924
91,51.4903,51.6794,51.209,51.34,6218044,1554511,-0.220615,-0.428,51.4021
92,51.3642,51.4127,51.1169,51.2236,7085204,1771301,-0.116368,-0.227,51.201
93,51.1242,51.1509,50.9036,50.969,7909296,1977324,-0.254553,-0.497,50.9772
94,50.9448,51.3763,50.8866,51.1072,5728516,1432129,0.138184,0.271,52.0504
95,51.0199,51.2139,50.6757,51.2139,10332768,2583192,0.10667,0.209,50.9763
96,51.2672,51.4345,50.4308,50.9884,15331316,3832829,-0.225462,-0.44,50.8842
97,51.2793,51.4248,50.6927,50.7872,18371640,4592910,-0.201216,-0.395,51.0357
98,50.6684,50.8648,50.4696,50.7824,14765224,3691306,-0.00485,-0.01,50.6869
99,50.7339,51.0539,50.2757,50.3751,13101672,3275418,-0.407288,-0.802,50.668
100,50.2587,51.0296,50.2587,50.683,8256540,2064135,0.307891,0.611,50.7531
101,50.8696,50.8769,50.3193,50.6587,8580608,2145152,-0.024245,-0.048,50.5592
102,50.4502,50.8866,50.3908,50.7363,12961296,3240324,0.077577,0.153,51.8325
103,50.586,51.3327,50.5472,51.083,9985672,2496418,0.346681,0.683,51.0996
104,51.3836,52.2079,51.3545,51.9412,10995284,2748821,0.858212,1.68,52.0032
105,52.0939,52.2418,51.9412,52.0842,5780668,1445167,0.143036,0.275,52.304
106,52.1982,52.6079,52.1472,52.4891,5571640,1392910,0.404862,0.777,52.4833
107,52.4697,52.7412,52.2782,52.5448,6634548,1658637,0.055759,0.106,52.5092
108,52.5521,52.5812,51.6745,52.186,12158064,3039516,-0.358804,-0.683,52.0944
109,52.2442,52.4333,52.0042,52.4042,5178168,1294542,0.218192,0.418,52.2492
110,51.8321,52.5812,51.5596,52.2539,8536704,2134176,-0.150304,-0.287,52.1474
111,52.3533,52.6176,51.9703,52.6079,5715920,1428980,0.353948,0.677,52.3611
112,53.0321,53.9073,52.7655,53.5849,13725012,3431253,0.977005,1.857,53.5344
113,53.74,54.4867,53.5534,53.7667,10902016,2725504,0.181821,0.339,53.915
114,54.0479,54.1013,53.597,53.9825,8854088,2213522,0.215767,0.401,53.892
115,53.8055,53.82,52.8091,52.8212,9832240,2458060,-1.1613,-2.151,53.1589
116,53.1364,53.7934,53.0733,53.3837,11083592,2770898,0.562445,1.065,53.5139
117,53.2212,53.3667,52.974,53.1461,6175328,1543832,-0.237586,-0.445,53.1689
118,53.5582,53.9631,53.4831,53.6406,7699120,1924780,0.494564,0.931,53.735
119,53.6964,53.9509,53.5,53.6261,8198896,2049724,-0.014545,-0.027,53.6822
120,54.157,54.2685,53.7788,53.9994,11947576,2986894,0.373344,0.696,54.0535
121,51.9048,52.5351,51.2357,52.0672,27530272,6882568,-1.9322,-3.578,51.7202
122,51.9824,52.1133,51.6672,51.9339,10405248,2601312,-0.133339,-0.256,51.8773
123,51.9775,52.2951,51.7182,51.7594,10581464,2645366,-0.174551,-0.336,51.9935
124,51.7569,52.0721,51.7461,51.8951,10435520,2608880,0.13576,0.262,51.8765
125,51.7036,51.7254,51.1557,51.1557,13875508,3468877,-0.739417,-1.425,51.4041
126,50.8793,51.6527,50.8575,51.3496,14100508,3525127,0.193948,0.379,51.3239
127,51.6018,51.6794,51.2793,51.4345,8089004,2022251,0.08485,0.165,51.4874
128,51.2745,51.4903,50.7096,51.0418,11151220,2787805,-0.392742,-0.764,51.0415
129,50.906,51.2454,50.8648,51.0781,7528464,1882116,0.036367,0.071,51.0822
130,51.1969,51.2629,50.5714,50.6781,9586516,2396629,-0.400015,-0.783,50.8154
131,50.6393,51.0442,50.4769,51.0224,9272652,2318163,0.344254,0.679,50.8626
132,51.163,51.2056,50.9181,51.0515,9029432,2257358,0.029093,0.057,51.0606
133,50.9327,51.2018,50.7775,50.9836,6442016,1610504,-0.067882,-0.133,50.9659
134,51.2386,51.5179,51.1196,51.3552,6451148,1612787,0.371626,0.729,51.3514
135,51.5155,51.637,51.3261,51.62,7136780,1784195,0.264757,0.516,51.5351
136,51.7098,51.8143,50.9909,51.054,8999448,2249862,-0.565945,-1.096,51.2407
137,51.3698,52.0839,51.3163,52.0572,8365424,2091356,1.0032,1.965,51.8716
138,52.1616,52.3899,52.0111,52.2223,8220116,2055029,0.16517,0.317,52.2406
139,52.1203,52.5721,52.0839,52.5138,7296988,1824247,0.291473,0.558,52.3854
140,52.5867,52.7008,52.3948,52.4045,5552508,1388127,-0.109303,-0.208,52.5041
141,52.5138,52.696,52.2952,52.4871,7163140,1790785,0.082586,0.158,52.5307
142,52.7567,52.7858,52.4288,52.4701,4963256,1240814,-0.017007,-0.032,52.5456
143,52.5842,52.951,52.5089,52.6425,6943976,1735994,0.172458,0.329,52.7713
144,52.7373,52.8369,52.2929,52.7397,8035580,2008895,0.097159,0.185,52.6861
145,52.2223,52.4021,51.9236,52.1252,11083456,2770864,-0.614523,-1.165,52.1566
146,52.1155,52.2223,51.5179,51.62,14646068,3661517,-0.505221,-0.969,51.709
147,51.8361,52.215,51.6661,52.1568,8077416,2019354,0.536795,1.04,52.0145
148,52.2393,52.5041,52.0547,52.198,7788888,1947222,0.041292,0.079,52.281
149,52.3292,52.4944,51.9794,52.0426,9492552,2373138,-0.155452,-0.298,52.0874
150,52.0669,52.0693,51.7608,52.0304,8202964,2050741,-0.012145,-0.023,51.9394
151,51.9819,52.5187,51.858,52.4094,10275216,2568804,0.378916,0.728,52.3245
152,52.2928,52.3365,51.9794,52.0474,7328820,1832205,-0.361912,-0.691,52.1036
153,51.9964,53.1089,51.9892,52.679,12646876,3161719,0.631526,1.213,52.6725
154,52.6353,52.6474,52.0887,52.2102,8873840,2218460,-0.468786,-0.89,52.3228
155,52.1932,52.4045,51.6758,51.9892,8710976,2177744,-0.221035,-0.423,51.9344
156,51.943,52.3705,51.943,52.1349,7039100,1759775,0.145737,0.28,52.1264
157,52.2005,52.8976,51.8944,52.781,9212124,2303031,0.646098,1.239,52.4974
158,52.7081,52.8271,51.9066,52.3511,12327612,3081903,-0.429925,-0.815,52.3961
159,52.4482,52.6304,52.2576,52.5721,9228532,2307133,0.221038,0.422,52.4962
160,52.8757,52.9875,52.3414,52.526,20475552,5118888,-0.046151,-0.088,52.6603
161,52.7033,52.7033,51.9187,51.9503,9079768,2269942,-0.575661,-1.096,52.0924
162,51.9551,51.9551,51.6054,51.6054,7963564,1990891,-0.34491,-0.664,51.7452
163,51.6831,52.2223,51.5544,52.079,8339704,2084926,0.473645,0.918,51.9803
164,51.9892,52.045,51.11,51.1803,11732268,2933067,-0.898712,-1.726,51.3432
165,51.3601,51.5466,51.1439,51.4791,7179304,1794826,0.298762,0.584,51.3817
166,51.0589,51.3625,50.7941,51.2338,8788964,2197241,-0.245323,-0.477,51.1392
167,51.292,51.985,51.2556,51.8264,11464748,2866187,0.592664,1.157,51.7921
168,51.7001,51.9333,50.9471,51.0103,11687260,2921815,-0.816127,-1.575,51.2035
169,50.765,51.0079,50.4735,50.9398,11412336,2853084,-0.07044,-0.138,50.7405
170,51.258,51.5665,51.0516,51.4912,9966504,2491626,0.551371,1.082,51.4362
171,51.637,51.773,51.4111,51.4426,8937896,2234474,-0.048581,-0.094,51.5309
172,51.2046,51.2726,50.4856,50.5342,8950228,2237557,-0.908423,-1.766,50.8822
173,50.5294,51.6248,50.4492,51.5811,14039212,3509803,1.0469,2.072,51.1616
174,51.5447,51.5447,50.4201,50.4516,10997968,2749492,-1.1295,-2.19,50.7399
175,50.4954,50.9034,49.7885,49.7885,11750448,2937612,-0.663101,-1.314,50.1899
176,49.6719,50.4613,49.4825,49.6185,12203956,3050989,-0.170027,-0.341,49.9865
177,49.6501,50.012,49.1716,49.2396,14018232,3504558,-0.378916,-0.764,49.5469
178,48.7878,49.0574,47.8381,48.6396,19668072,4917018,-0.59995,-1.218,48.476
179,47.8721,49.3586,47.4106,49.3076,15625440,3906360,0.66796,1.373,48.7994
180,49.7545,50.1747,49.446,50.0363,12731560,3182890,0.728686,1.478,49.894
181,49.9221,50.5707,49.8274,50.4856,7634976,1908744,0.449352,0.898,50.3353
182,50.9544,51.8288,50.4978,51.8118,12985940,3246485,1.3262,2.627,51.4166
183,51.807,51.9673,51.1949,51.2313,11042152,2760538,-0.580519,-1.12,51.5872
184,51.9479,52.4409,51.6588,52.0474,9729692,2432423,0.816127,1.593,52.1636
185,51.8896,52.0159,51.4596,51.8531,10904308,2726077,-0.194317,-0.373,51.8005
186,51.7511,52.1568,51.5447,51.8361,6658908,1664727,-0.017002,-0.033,51.8579
187,52.1276,52.6741,51.994,52.6377,10517288,2629322,0.801552,1.546,52.4097
188,52.5405,53.0482,51.9187,52.1397,16095252,4023813,-0.497934,-0.946,52.3607
189,55.5087,58.1198,55.3848,57.481,50857784,12714446,5.3413,10.244,56.9198
190,57.6365,58.9019,57.6365,58.642,24956304,6239076,1.161,2.02,58.427
191,58.5327,59.072,58.0518,58.6688,12726516,3181629,0.026717,0.046,58.7887
192,58.2097,59.0258,58.0761,59.0161,16644508,4161127,0.347338,0.592,58.7331
193,59.3051,61.292,59.2663,60.6095,21939764,5484941,1.5934,2.7,60.4631
194,60.6046,60.9422,60.1261,60.7455,13212028,3303007,0.136022,0.224,60.6415
195,60.7528,61.3139,60.4905,61.3139,9507780,2376945,0.568371,0.936,61.0373
196,61.2046,61.3066,60.3666,60.7747,13145396,3286349,-0.539224,-0.879,60.7647
197,60.5245,60.6945,60.2767,60.6581,8467776,2116944,-0.11659,-0.192,60.5253
198,60.5607,61.3662,60.4366,61.3151,10897364,2724341,0.657073,1.083,61.0523
199,61.4246,61.4246,60.7408,61.0645,12473228,3118307,-0.250661,-0.409,61.0299
200,61.118,61.1229,60.5315,60.5583,8532652,2133163,-0.506195,-0.829,60.7523
201,60.495,61.1886,60.3928,60.7919,9876892,2469223,0.233627,0.386,60.844
202,60.7895,61.2621,60.6143,60.7749,7648780,1912195,-0.017034,-0.028,60.843
203,60.8966,61.0426,60.1567,60.8065,6642908,1660727,0.031636,0.052,60.6506
204,60.2395,61.3005,60.2346,61.247,6703860,1675965,0.440486,0.724,61.0786
205,62.0915,62.437,61.5269,61.8676,11886820,2971705,0.620573,1.013,61.8767
206,62.0574,62.1182,61.7167,61.9649,10724816,2681204,0.097347,0.157,61.9315
207,62.145,62.7875,62.0136,62.6074,12966300,3241575,0.642473,1.037,62.5518
208,62.6609,63.0187,62.2035,62.6074,7978696,1994674,0,0,62.5698
209,62.9298,63.1525,62.7631,62.8337,5186708,1296677,0.22633,0.362,62.9547
210,62.3665,63.4324,62.3665,62.824,10925548,2731387,-0.009735,-0.015,63.0422
211,63.0722,63.335,62.8422,63.2766,8535316,2133829,0.452653,0.721,63.134
212,63.1866,63.7317,62.9554,63.6636,9382216,2345554,0.386947,0.612,63.4312
213,63.7804,63.8218,63.2869,63.5516,7403544,1850886,-0.111946,-0.176,63.5842
214,63.6733,64.1235,63.5176,64.0895,7837856,1959464,0.537828,0.846,63.9497
215,64.126,64.6443,63.8875,64.0286,12342300,3085575,-0.060838,-0.095,64.2552
216,63.1525,64.4253,63.1525,64.2817,10454000,2613500,0.253096,0.395,63.9717
217,64.1941,64.4521,63.5176,63.6928,8551652,2137913,-0.588936,-0.916,63.9137
218,63.9921,64.6322,63.885,64.0335,13383756,3345939,0.340707,0.535,64.357
219,63.4032,64.3572,62.4906,62.4906,15338560,3834640,-1.5429,-2.41,63.0656
220,62.8289,62.9943,61.5926,62.4711,12831172,3207793,-0.019468,-0.031,62.4381
221,61.5512,62.897,61.4125,61.6704,12050340,3012585,-0.800663,-1.282,62.1246
222,61.8432,63.1671,61.741,63.0503,9726832,2431708,1.3799,2.237,62.4101
223,63.722,64.3572,63.5516,64.2866,10318072,2579518,1.2363,1.961,63.9988
224,64.0919,64.3888,63.61,63.6806,15563548,3890887,-0.60597,-0.943,63.9937
225,63.8631,64.3231,63.7682,64.2988,5703328,1425832,0.618141,0.971,64.0685
226,64.4934,64.8366,64.2623,64.5543,5539252,1384813,0.255529,0.397,64.6304
227,64.6103,65.428,64.5835,65.1311,5237588,1309397,0.576772,0.893,65.1874
228,65.1311,65.5423,64.8853,64.8853,4768856,1192214,-0.245798,-0.377,65.1297
229,64.8512,65.1481,64.5032,64.5957,5262444,1315611,-0.289601,-0.446,64.7489
230,64.5153,64.5835,64.0242,64.3815,4781420,1195355,-0.214161,-0.332,64.2824
231,64.6078,65.0386,63.8047,63.8096,6032496,1508124,-0.5719,-0.888,64.3025
232,64.0968,64.9169,63.8802,64.4959,8394080,2098520,0.686281,1.076,64.3926
233,64.1235,64.1259,62.998,63.0722,12751200,3187800,-1.4237,-2.207,63.2816
234,63.2231,63.464,62.0221,62.6658,11070492,2767623,-0.406417,-0.644,62.6647
235,62.8946,63.5516,62.6536,63.5054,9346840,2336710,0.8396,1.34,63.1271
236,64.053,64.5202,63.9142,64.3572,10443656,2610914,0.851769,1.341,64.2724
237,64.1527,64.3615,63.2184,63.4032,10523504,2630876,-0.953979,-1.482,63.4922
238,63.5273,63.7609,63.0649,63.2791,6425516,1606379,-0.124115,-0.196,63.3657
239,63.7658,64.6881,63.0576,63.464,10283952,2570988,0.184955,0.292,63.886
240,62.4565,62.9335,61.8432,62.1937,12225292,3056323,-1.2704,-2.002,62.2455
241,62.4735,62.6585,61.4149,61.6023,10584704,2646176,-0.591371,-0.951,61.7905
242,61.303,62.0817,61.2056,62.0452,11137144,2784286,0.442919,0.719,61.5901
243,62.3543,63.1988,61.8773,62.5052,14933704,3733426,0.459955,0.741,62.3513
244,62.3397,63.1842,61.9357,62.6123,9784004,2446001,0.10708,0.171,62.6954
245,62.1669,63.0308,61.6607,62.6901,11565944,2891486,0.077875,0.124,62.4956
246,62.914,63.4324,62.8313,62.8581,6166604,1541651,0.16792,0.268,63.0185
247,62.5295,62.6147,61.7654,62.4297,8552504,2138126,-0.428318,-0.681,62.3654
248,61.7629,61.7629,60.495,61.0815,11027748,2756937,-1.3482,-2.16,61.0971
249,61.4563,61.5731,59.9401,59.9547,11430860,2857715,-1.1268,-1.845,60.569
250,60.2395,60.5485,59.6651,60.3539,15668440,3917110,0.399114,0.666,60.0877
251,63.3715,64.1547,62.0355,62.0355,22151504,5537876,1.6816,2.786,63.0336
252,62.3762,62.3762,60.7676,62.1401,13667040,3416760,0.104648,0.169,61.5952
253,62.4735,63.3837,61.9941,63.2231,15075516,3768879,1.083,1.743,62.8508
254,63.1744,64.912,63.0552,64.4642,22170932,5542733,1.2411,1.963,64.4765
255,65.0386,66.1459,64.71,66.1459,16565612,4141403,1.6816,2.609,65.7163
256,66.1337,66.3041,64.7441,65.0799,11241908,2810477,-1.0659,-1.611,65.2797
257,65.0775,65.3038,64.5592,64.603,7834464,1958616,-0.476989,-0.733,64.8696
258,64.9169,65.1895,64.1568,64.3815,9396996,2349249,-0.221462,-0.343,64.4202
259,64.5154,64.8368,64.3377,64.7613,8795424,2198856,0.379845,0.59,64.6434
260,65.1582,65.9592,65.0219,65.9592,11641792,2910448,1.1979,1.85,65.7541
261,66.4072,66.4072,65.4406,65.6476,8477504,2119376,-0.311642,-0.472,65.8318
262,66.098,66.2222,65.706,65.9495,6811388,1702847,0.301903,0.46,65.9709
263,65.9495,65.9811,65.2872,65.5234,6429320,1607330,-0.426077,-0.646,65.5226
264,65.7547,65.7547,65.2507,65.5185,5654804,1413701,-0.004869,-0.007,65.5554
265,65.5039,66.4681,65.0219,66.4681,9034712,2258678,0.949544,1.449,65.9813
266,66.4583,66.546,65.7985,66.4705,6654672,1663668,0.002434,0.004,66.295
267,66.6653,66.6653,66.0225,66.339,9049176,2262294,-0.131473,-0.198,66.3546
268,66.0444,66.7676,66.0444,66.4705,6842864,1710716,0.131473,0.198,66.5071
269,66.5168,66.8333,66.2295,66.6507,13459712,3364928,0.18017,0.271,66.6002
270,66.5825,66.7578,66.0566,66.0566,7965388,1991347,-0.594071,-0.891,66.2276
271,67.3714,67.7561,66.8187,67.7561,11653460,2913365,1.6994,2.573,67.329
272,67.8437,67.8437,66.5898,67.0281,8807124,2201781,-0.727982,-1.074,67.0442
273,66.9916,66.9916,66.2855,66.6507,8021344,2005336,-0.377385,-0.563,66.5825
274,66.955,66.9891,66.6507,66.7432,6756076,1689019,0.092521,0.139,66.7925
275,66.5655,66.8284,65.5551,65.577,11590692,2897673,-1.1662,-1.747,65.9639
276,65.8643,66.2757,65.5137,66.0834,8903900,2225975,0.506422,0.772,65.9524
277,65.65,65.7036,64.569,64.569,11125520,2781380,-1.5144,-2.292,64.9383
278,64.6737,65.0998,64.0455,64.4594,12105228,3026307,-0.109566,-0.17,64.6369
279,64.8612,65.7377,64.8368,65.6354,9530808,2382702,1.176,1.824,65.4646
280,65.4552,65.4552,64.3986,64.5276,12583356,3145839,-1.1078,-1.688,64.6955
281,64.9805,65.7498,64.9172,65.4991,9849580,2462395,0.971456,1.505,65.4507
282,65.2653,65.3384,64.3109,64.3986,14290636,3572659,-1.1005,-1.68,64.6982
283,64.2987,65.2459,63.0619,65.1704,50657992,12664498,0.771807,1.198,64.6566
284,65.0852,65.4358,64.0334,65.0657,15407485,15407485,-0.104692,-0.161,64.9137
285,65.4942,65.9324,65.0365,65.65,15372026,15372026,0.584335,0.898,65.5423
286,66.2538,66.4291,65.3189,65.3286,8128038,8128038,-0.321386,-0.49,65.7157
287,65.3481,65.9227,65.0949,65.3481,6534817,6534817,0.019479,0.03,65.4166
288,65.3481,65.6695,64.0139,64.0139,13054254,13054254,-1.3342,-2.042,64.6462
289,63.5464,64.569,63.3224,63.8775,9487207,9487207,-0.136346,-0.213,64.0278
290,63.8094,64.0918,63.449,63.8288,6521105,6521105,-0.048693,-0.076,63.7518
291,64.2963,64.5885,63.7899,63.9457,11237071,11237071,0.116868,0.183,64.0203
292,63.7607,64.4765,63.6828,63.7022,7400471,7400471,-0.243476,-0.381,63.9844
293,63.7412,63.8089,62.7673,63.4782,7632997,7632997,-0.223994,-0.352,63.3332
294,63.2932,63.9068,63.1179,63.5854,5083011,5083011,0.107125,0.169,63.6089
295,63.04,63.9262,62.7288,63.4977,8351174,8351174,-0.087645,-0.138,63.5557
296,63.673,64.4619,63.6048,64.0821,6660777,6660777,0.58433,0.92,64.1929
297,64.1697,65.0949,64.0821,64.7638,6604178,6604178,0.681728,1.064,64.7823
298,64.832,65.0754,64.0431,64.7053,5408457,5408457,-0.058435,-0.09,64.5042
299,64.9488,64.9488,64.2087,64.608,4628805,4628805,-0.09739,-0.151,64.5172
300,64.4911,65.0559,63.7996,63.897,5059770,5059770,-0.710938,-1.1,64.2495
301,63.8094,64.2184,63.1861,63.8191,5621787,5621787,-0.077914,-0.122,63.8105
302,63.8873,64.1892,63.5951,63.9652,5347147,5347147,0.146084,0.229,63.9634
303,63.8191,64.2866,63.6438,63.936,4121327,4121327,-0.029216,-0.046,64.0323
304,63.4003,63.7899,62.6699,62.8355,11212862,11212862,-1.1005,-1.721,63.0602
305,63.3029,63.5075,62.8939,63.0303,5948900,5948900,0.19478,0.31,63.1471
306,63.3322,64.1113,63.2932,63.6438,9619744,9619744,0.61355,0.973,63.7257
307,64.1015,68.1529,64.0723,66.2344,20912410,20912410,2.5906,4.07,66.6564
308,66.4194,66.4388,65.7571,65.9519,7193418,7193418,-0.282428,-0.426,66.0322
309,66.3512,66.3999,65.5526,65.7182,6219940,6219940,-0.233733,-0.354,65.8027
310,66.6044,66.8187,65.1826,65.3481,7122407,7122407,-0.370079,-0.563,65.5716
311,65.5526,65.7377,64.6761,65.0267,6297484,6297484,-0.321382,-0.492,65.0277
312,65.1144,66.6726,65.0365,65.5818,9812432,9812432,0.555114,0.854,65.7476
313,65.426,65.7377,63.712,64.3255,11780629,11780629,-1.2563,-1.916,64.4777
314,63.5172,64.9196,63.449,64.0528,10142798,10142798,-0.272694,-0.424,63.9603
315,64.3255,64.4132,63.7607,63.8678,7426362,7426362,-0.185036,-0.289,64.0664
316,64.0528,64.6566,63.8873,64.2379,8099808,8099808,0.370078,0.579,64.3754
317,64.4229,64.9099,63.5269,63.9554,7084552,7084552,-0.282429,-0.44,64.0847
318,63.8678,65.0365,63.8264,64.8417,6660325,6660325,0.88624,1.386,64.6653
319,65.3871,68.3281,65.2605,67.6562,18359045,18359045,2.8145,4.341,67.1219
320,67.4907,67.8802,66.994,67.218,10998489,10998489,-0.438247,-0.648,67.4969
321,66.7603,67.1985,66.1954,66.8966,7438183,7438183,-0.321387,-0.478,66.7809
322,67.0722,67.199,66.5259,66.9746,5130304,5130304,0.078048,0.117,66.8112
323,67.2771,68.321,67.1698,68.2917,6491067,6491067,1.3171,1.966,68.0084
324,68.3893,68.9649,67.6195,67.8722,7121014,7121014,-0.419507,-0.614,68.0919
325,68.038,68.5258,67.4429,68.2917,5554915,5554915,0.419507,0.618,68.2065
326,68.4283,68.8405,68.2917,68.4478,4351021,4351021,0.156094,0.229,68.529
327,68.5356,68.6039,67.7844,68.0771,4870062,4870062,-0.370726,-0.542,68.1305
328,67.8527,68.1649,67.5893,67.6771,6483841,6483841,-0.399994,-0.588,67.7654
329,67.6088,68.1454,67.6088,67.921,4511698,4511698,0.243898,0.36,67.955
330,67.6185,67.8029,66.6429,66.8673,6228123,6228123,-1.0536,-1.551,67.0068
331,67.1698,68.038,66.8283,67.7941,7064824,7064824,0.926814,1.386,67.5244
332,67.7844,68.0771,67.121,67.8624,3894955,3894955,0.068293,0.101,67.7705
333,67.6381,67.9057,66.843,67.0039,6678126,6678126,-0.858524,-1.265,67.1509
334,67.4429,67.7551,66.76,67.4234,6309379,6309379,0.419504,0.626,67.3675
335,67.0527,67.7649,66.3503,67.3551,4458019,4458019,-0.068289,-0.101,67.2541
336,67.5698,67.8039,67.2088,67.2673,4906437,4906437,-0.087804,-0.13,67.4028
337,66.9551,67.4576,66.3649,66.5454,6460018,6460018,-0.721941,-1.073,66.7308
338,66.6234,67.0232,66.3405,66.7015,4413051,4413051,0.156095,0.235,66.7418
339,66.5259,66.6234,65.9698,66.0283,4864250,4864250,-0.673161,-1.009,66.2326
340,66.0186,66.4283,65.8803,66.2917,4439728,4439728,0.263411,0.399,66.2131
341,66.5551,67.9698,66.4478,67.9307,6807778,6807778,1.639,2.472,67.6026
342,67.999,68.3112,67.7212,67.9405,5238730,5238730,0.009755,0.014,68.0567
343,67.7356,68.0364,67.3356,67.6381,4900741,4900741,-0.302434,-0.445,67.6127
344,67.0429,67.3063,66.5064,66.8966,5995111,5995111,-0.741453,-1.096,66.9176
345,66.7795,67.482,66.6237,67.3259,5937366,5937366,0.429263,0.642,67.1338
346,67.4234,67.7161,66.839,67.0722,7818293,7818293,-0.253655,-0.377,67.1369
347,67.2186,68.1356,67.199,67.8039,7596781,7596781,0.731696,1.091,67.788
348,67.5795,67.6381,66.8088,67.0137,8728814,8728814,-0.790232,-1.165,67.2185
349,67.6283,67.7454,67.2186,67.4039,5511724,5511724,0.390238,0.582,67.4446
350,67.4137,67.8916,67.4039,67.7259,3888705,3888705,0.321946,0.478,67.6817
351,67.4234,67.7063,67.082,67.1795,4670595,4670595,-0.546333,-0.807,67.3224
352,67.6868,67.6868,66.8381,66.9454,4705090,4705090,-0.234143,-0.349,67.0758
353,67.0234,67.521,66.7405,67.0722,7025589,7025589,0.126828,0.189,67.0468
354,66.3308,66.8186,65.0625,65.0918,9706735,9706735,-1.9805,-2.953,65.4634
355,65.6966,65.8332,65.1308,65.5113,6811014,6811014,0.419507,0.644,65.4952
356,66.282,66.6332,65.882,66.1942,6260775,6260775,0.682915,1.042,66.1706
357,66.4869,66.6527,65.9698,66.5747,5053044,5053044,0.380484,0.575,66.3814
358,65.9015,66.4576,65.7161,66.4576,5270623,5270623,-0.117072,-0.176,66.2633
359,66.4478,66.5356,64.9064,66.1161,6500716,6500716,-0.341458,-0.514,65.7514
360,65.3747,65.6771,65.0235,65.1015,5973457,5973457,-1.0146,-1.535,65.285
361,65.9991,66.2819,65.3844,65.4137,4837767,4837767,0.312188,0.48,65.7598
362,66.321,66.8673,66.2527,66.7503,5110161,5110161,1.3366,2.043,66.6536
363,67.3649,67.9015,67.1503,67.8234,6832321,6832321,1.0732,1.608,67.6488
364,68.2624,68.5844,67.7746,68.3893,5635409,5635409,0.565846,0.834,68.3173
365,68.4185,68.5649,67.9893,68.3112,4506241,4506241,-0.078049,-0.114,68.3391
366,68.7112,68.8673,68.2624,68.8478,6512488,6512488,0.536578,0.785,68.6247
367,68.6819,69.2283,68.5649,69.1502,6287563,6287563,0.302434,0.439,68.9523
368,69.5502,71.2185,69.4917,70.9258,10198462,10198462,1.7756,2.568,70.7349
369,71.0663,71.1014,70.0088,70.2624,10919600,10919600,-0.663406,-0.935,70.3602
370,70.1844,70.3892,69.8722,70.2136,6303165,6303165,-0.048779,-0.069,70.1067
371,70.438,70.4868,69.4624,69.999,10755749,10755749,-0.21463,-0.306,69.9054
372,74.9062,75.0428,72.5843,72.9746,21196114,21196114,2.9756,4.251,73.6656
373,72.4673,72.8867,71.7863,72.0575,10293792,10293792,-0.917059,-1.257,72.1395
374,72.4868,73.3453,72.0477,72.916,10054266,10054266,0.858523,1.191,72.7765
375,73.1209,74.5648,72.8477,74.155,13746934,13746934,1.239,1.699,74.076
376,74.038,74.8867,73.4038,74.516,6506995,6506995,0.360968,0.487,74.3958
377,74.5843,74.6428,73.4819,73.5014,8526346,8526346,-1.0146,-1.362,73.8377
378,73.7453,74.1843,73.1794,73.9209,5810801,5810801,0.419505,0.571,73.6982
379,73.6867,74.2233,73.199,73.4331,6957856,6957856,-0.487797,-0.66,73.5605
380,74.1941,74.3111,73.0916,73.1502,6976371,6976371,-0.282923,-0.385,73.5027
381,73.4624,73.5794,71.7551,71.7843,7767766,7767766,-1.3658,-1.867,72.2592
382,71.8819,72.4965,71.5307,72.399,6484583,6484583,0.614622,0.856,72.086
383,73.0624,73.3453,72.0477,72.5648,6183517,6183517,0.165856,0.229,72.5194
384,72.0087,72.4575,71.4331,71.5697,6475970,6475970,-0.99511,-1.371,71.7493
385,71.2082,72.1512,70.7391,71.8629,7656064,7656064,0.293177,0.41,71.4411
386,71.7554,72.7277,71.7065,72.244,5992012,5992012,0.381105,0.53,72.259
387,72.1658,72.7033,71.7749,72.5274,3861503,3861503,0.283386,0.392,72.4106
388,72.3124,72.7424,71.8238,72.713,3473502,3473502,0.185666,0.256,72.4569
389,72.5665,73.0257,72.3222,72.7717,6325531,6325531,0.058633,0.081,72.6583
390,72.5078,73.2505,71.9899,72.7033,5886855,5886855,-0.068404,-0.094,72.5473
391,71.8824,72.8303,71.1495,72.2635,12082313,12082313,-0.439738,-0.605,72.2205
392,70.8466,71.9411,69.3417,69.5665,15752243,15752243,-2.6971,-3.732,70.2896
393,62.6968,69.4394,58.6317,66.801,20950616,20950616,-2.7655,-3.975,66.5388
394,70.0551,70.1626,65.0812,65.4427,14485048,14485048,-1.3583,-2.033,67.5875
395,67.788,69.371,66.3515,69.0779,12219954,12219954,3.6352,5.555,67.874
396,70.2994,70.8368,69.1854,70.7489,9122241,9122241,1.671,2.419,70.292
397,70.4557,71.0078,69.9671,70.8075,6411408,6411408,0.058635,0.083,70.5732
398,70.2701,70.4411,69.2049,69.674,8313310,8313310,-1.1335,-1.601,69.7449
399,67.8271,68.7847,66.9378,67.3873,11491455,11491455,-2.2866,-3.282,67.8457
400,68.345,68.3548,67.1333,68.0323,9217978,9217978,0.644947,0.957,67.6564
401,68.8434,69.4639,68.3938,68.7945,9035174,9035174,0.762214,1.12,68.8965
402,67.7098,68.3157,67.0746,67.5828,9469404,9469404,-1.2117,-1.761,67.7025
403,69.1365,69.3906,67.9639,68.9215,7984865,7984865,1.3388,1.981,68.6121
404,69.1365,69.7473,67.8466,68.0127,9022190,9022190,-0.90879,-1.319,68.6108
405,67.915,69.0388,67.8759,68.6284,7244174,7244174,0.615631,0.905,68.5461
406,68.2668,69.1951,67.8735,69.1463,6452146,6452146,0.517914,0.755,68.6956
407,69.1072,69.1854,68.0274,68.4134,7059339,7059339,-0.732897,-1.06,68.3915
408,68.8727,69.1333,67.9248,68.902,6962608,6962608,0.488598,0.714,68.794
409,68.8434,69.4883,68.4525,69.371,8207593,8207593,0.469052,0.681,69.1093
410,69.674,70.6707,68.8922,69.3417,7663296,7663296,-0.029315,-0.042,69.643
411,68.2277,69.1951,68.1202,68.1984,14508062,14508062,-1.1433,-1.649,68.4491
412,69.0095,69.6935,68.6186,69.1658,12756516,12756516,0.967422,1.419,69.1804
413,68.4036,68.7847,67.7293,68.6479,11394027,11394027,-0.517913,-0.749,68.4142
414,68.56,69.5225,68.3059,69.3319,10655796,10655796,0.684037,0.996,69.1299
415,68.7456,69.0192,68.0518,68.6381,8406708,8406708,-0.693807,-1.001,68.507
416,69.5665,69.8303,68.6088,69.0779,7756572,7756572,0.439737,0.641,69.2806
417,68.5893,68.6772,65.5013,65.6675,15261204,15261204,-3.4104,-4.937,66.4157
418,65.9802,67.1333,65.6675,66.9671,11326665,11326665,1.2997,1.979,66.5939
419,67.7391,68.0714,66.7033,68.0714,9309180,9309180,1.1042,1.649,67.6268
420,68.4916,69.1561,67.4069,68.3938,8679888,8679888,0.322474,0.474,68.1498
421,67.231,69.117,66.801,69.0583,7460435,7460435,0.664491,0.972,68.1039
422,69.4394,70.6902,69.3026,70.5828,7286755,7286755,1.5244,2.207,70.2729
423,70.573,70.8857,70.1919,70.4362,5782470,5782470,-0.146581,-0.208,70.5171
424,71.0225,71.5599,70.7977,71.5502,6273559,6273559,1.114,1.582,71.2232
425,71.3352,72.244,71.1691,72.2147,5713137,5713137,0.664493,0.929,71.7703
426,72.3515,72.4002,71.7261,72.2928,5947767,5947767,0.078177,0.108,72.0679
427,72.0583,73.7098,71.9899,73.2798,5586253,5586253,0.986965,1.365,73.1672
428,72.7619,73.5339,72.459,73.2896,7439403,7439403,0.009772,0.013,73.1725
429,73.1332,73.5437,72.0388,72.5078,7568289,7568289,-0.781758,-1.067,72.4991
430,73.2505,73.6902,72.8792,73.6218,6856217,6856217,1.114,1.536,73.368
431,73.6121,74.7945,73.0844,74.2668,9117387,9117387,0.644947,0.876,74.0982
432,74.1984,75.5616,74.1984,75.2342,9952627,9952627,0.967425,1.303,75.1546
433,74.8922,75.1365,74.1984,74.5404,8148823,8148823,-0.693808,-0.922,74.5855
434,75.1853,75.1853,73.5925,73.7391,7323764,7323764,-0.801301,-1.075,74.1922
435,74.1593,75.0974,73.915,74.6772,9093433,9093433,0.938107,1.272,74.7184
436,75.6935,75.8596,73.2407,75.3124,11971306,11971306,0.635175,0.851,74.7978
437,76.2993,76.5241,75.3319,76.3971,8019362,8019362,1.0847,1.44,76.0625
438,76.2505,76.3971,75.2977,75.7521,9527422,9527422,-0.644946,-0.844,75.7831
439,76.0453,77.0909,75.6739,77.0713,10850221,10850221,1.3192,1.741,76.5508
440,76.7977,76.915,76.1528,76.7195,7648608,7648608,-0.351787,-0.456,76.6015
441,76.9247,77.0127,75.7912,75.8107,11186481,11186481,-0.908794,-1.185,76.1553
442,73.4753,74.472,72.8303,73.5046,29965980,29965980,-2.3062,-3.042,73.4796
443,73.4166,76.7879,73.1039,76.1234,18899902,18899902,2.6189,3.563,75.7521
444,76.5827,77.0322,76.1234,76.5632,8640849,8640849,0.439738,0.578,76.6134
445,76.6316,77.8922,76.6316,77.4524,9392585,9392585,0.889247,1.161,77.5338
446,77.7554,77.7554,76.5339,76.9541,8221596,8221596,-0.498369,-0.643,76.9556
447,76.612,76.612,75.5274,76.2603,10157285,10157285,-0.693807,-0.902,76.0782
448,76.0155,77.856,75.9764,77.807,8440283,8440283,1.5467,2.028,77.3246
449,78.1692,78.5608,77.5035,77.5133,8024387,8024387,-0.293685,-0.377,78.0142
450,77.2001,77.4835,76.4952,76.6616,8939839,8939839,-0.851686,-1.099,76.9282
451,76.3777,77.3077,76.133,76.4658,9913239,9913239,-0.19579,-0.255,76.5669
452,76.1526,77.249,75.947,77.2392,7804955,7804955,0.773372,1.011,76.6398
453,77.2784,77.6063,76.8183,77.1707,6942598,6942598,-0.068528,-0.089,77.2761
454,77.2979,78.8055,77.0826,78.7664,7212397,7212397,1.5957,2.068,78.1625
455,78.9034,79.3048,78.1692,78.4629,6082166,6082166,-0.303473,-0.385,78.6504
456,78.8936,79.295,78.2965,78.5021,6764313,6764313,0.039157,0.05,78.7349
457,78.8936,79.0796,77.8853,78.4237,5910579,5910579,-0.078316,-0.1,78.3281
458,77.5623,78.5118,77.5427,78.1105,6040756,6040756,-0.313265,-0.399,78.0709
459,78.1007,78.4042,77.8853,77.8853,4268669,4268669,-0.225158,-0.288,78.0916
460,77.9636,78.4629,77.9343,78.1594,3139602,3139602,0.274107,0.352,78.1637
461,78.3748,78.4433,77.2979,77.3469,8874643,8874643,-0.812529,-1.04,77.5778
462,77.856,78.2475,77.1071,78.228,6702065,6702065,0.881056,1.139,77.8781
463,78.1496,78.4629,77.3077,77.3763,7309979,7309979,-0.851687,-1.089,77.8958
464,77.6895,78.0909,76.4365,76.642,8689600,8689600,-0.734214,-0.949,77.0544
465,76.9259,78.7076,76.7987,78.7076,9944571,9944571,2.0656,2.695,78.3367
466,78.4433,78.7957,77.4056,77.8755,15262382,15262382,-0.832109,-1.057,77.8349
467,77.3175,77.993,76.7106,77.4056,11343973,11343973,-0.469897,-0.603,77.4737
468,77.1707,78.0713,75.7683,76.2407,15361478,15361478,-1.165,-1.505,76.6257
469,76.27,77.4448,75.991,76.4756,8717058,8717058,0.234951,0.308,76.6424
470,75.5163,75.5163,73.9304,74.5079,15623258,15623258,-1.9677,-2.573,74.6605
471,74.596,75.7023,73.9891,75.2519,10360978,10360978,0.744004,0.999,74.9554
472,76.7204,77.7776,76.5637,76.9651,11355315,11355315,1.7132,2.277,77.052
473,77.7776,78.2965,76.505,78.179,10497510,10497510,1.2139,1.577,77.5394
474,78.2965,78.5902,76.9749,77.0336,7555339,7555339,-1.1454,-1.465,77.5498
475,76.3973,76.5442,74.6744,74.7135,16271171,16271171,-2.3201,-3.012,75.4311
476,75.2813,75.7316,74.7918,75.5456,8442145,8442145,0.832107,1.114,75.3759
477,75.8002,75.8588,75.0464,75.7512,5699106,5699106,0.20558,0.272,75.4505
478,76.4365,77.0081,75.9274,76.9064,6335907,6335907,1.1552,1.525,76.6931
479,76.7008,77.0532,76.5344,76.6127,2188783,2188783,-0.293683,-0.382,76.7355
480,76.3973,76.9945,76.1819,76.877,3680933,3680933,0.264317,0.345,76.6757
481,77.3371,77.7189,77.2392,77.5427,4627142,4627142,0.665686,0.866,77.5251
482,77.4056,77.5231,76.6078,76.7008,4230445,4230445,-0.841899,-1.086,77.0803
483,76.5931,77.1413,75.9176,75.9176,6538335,6538335,-0.78316,-1.021,76.3256
484,74.459,74.7723,73.4311,74.1066,13476760,13476760,-1.8111,-2.386,73.918
485,74.645,74.8995,73.9499,74.6646,8972650,8972650,0.558001,0.753,74.4701
486,73.4213,74.2534,73.2745,73.6856,16092022,16092022,-0.978952,-1.311,73.8241
487,72.2074,73.5094,71.806,72.2368,12470822,12470822,-1.4488,-1.966,72.4919
488,72.5011,72.9416,71.2187,71.3459,9977557,9977557,-0.890844,-1.233,72.0687
489,71.5711,72.5207,71.1306,72.364,13069486,13069486,1.0181,1.427,71.8855
490,72.9514,73.4213,72.4619,73.1864,10236921,10236921,0.82232,1.136,72.9759
491,73.6856,73.8031,71.4536,71.5613,12659586,12659586,-1.6251,-2.22,72.2257
492,71.6102,72.9514,71.1306,72.2466,10426162,10426162,0.685266,0.958,72.2548
493,70.4257,71.4145,69.1727,70.318,18470454,18470454,-1.9285,-2.669,70.0515
494,71.4047,71.483,69.1727,69.8873,16009579,16009579,-0.430739,-0.613,70.1474
495,68.4874,69.9069,67.5868,69.1922,16586004,16586004,-0.695054,-0.995,68.6899
496,69.2314,70.8075,68.6244,70.0537,11931171,11931171,0.861475,1.245,70.0595
497,71.1403,71.6396,70.6117,71.1697,8652558,8652558,1.116,1.593,71.1041
498,71.2285,71.3753,70.0733,70.2299,9126184,9126184,-0.939793,-1.32,70.5995
499,70.6607,70.7488,70.0439,70.367,7500186,7500186,0.13705,0.195,70.3506
500,70.4649,70.9543,69.0943,69.4174,9020505,9020505,-0.94958,-1.349,69.8749
501,69.9167,70.3376,67.8707,67.8707,15295612,15295612,-1.5467,-2.228,68.7073
502,68.9475,72.9318,67.3127,72.922,40427768,40427768,5.0514,7.443,71.2585
503,72.5207,73.2059,71.7081,72.8144,12623493,12623493,-0.107685,-0.148,72.6828
504,71.9529,72.6441,71.5907,71.855,9572667,9572667,-0.959369,-1.318,72.0041
505,72.2074,73.0542,70.9054,72.8144,9941917,9941917,0.959369,1.335,72.0881
506,72.5402,73.0591,71.2236,72.1291,14735704,14735704,-0.685263,-0.941,71.8892
507,72.0116,72.0606,69.065,70.0341,12939383,12939383,-2.095,-2.904,70.0775
508,68.4776,68.5657,64.9044,66.3435,30542608,30542608,-3.6906,-5.27,66.2137
509,64.9925,68.0175,64.7282,66.8917,14882767,14882767,0.548213,0.826,67.0143
510,67.6847,69.5349,67.6161,68.6734,11369543,11369543,1.7817,2.664,68.7993
511,66.3631,67.6161,66.0058,67.0288,13962057,13962057,-1.6446,-2.395,66.7785
512,67.9783,68.9867,67.6651,68.9377,8710244,8710244,1.909,2.848,68.527
513,69.9069,70.2397,68.9132,69.6034,8780670,8780670,0.665687,0.966,69.4677
514,70.3587,70.7412,69.9369,70.6529,8494095,8494095,1.0495,1.508,70.4848
515,70.5156,70.8687,69.663,69.878,6938144,6938144,-0.774894,-1.097,70.1623
516,69.6721,70.3489,68.956,70.1625,7750898,7750898,0.284452,0.407,69.7835
517,70.9178,71.7908,70.7216,71.6632,7481531,7481531,1.5007,2.139,71.4344
518,71.5553,71.7244,70.6137,70.7706,6177031,6177031,-0.892602,-1.246,70.9925
519,69.8878,70.8148,69.0345,70.4764,7728583,7728583,-0.294263,-0.416,69.8141
520,70.5843,71.9379,70.5597,71.8692,6840918,6840918,1.3929,1.976,71.253
521,72.3302,72.497,71.3003,71.3396,6714095,6714095,-0.529675,-0.737,71.7865
522,71.4671,72.4823,71.0061,71.0061,7786082,7786082,-0.333501,-0.467,71.6374
523,71.5946,73.213,71.5063,73.213,8705314,8705314,2.207,3.108,72.8062
524,73.0757,73.1738,72.2518,72.8795,5739136,5739136,-0.3335,-0.456,72.7036
525,73.0561,73.0757,71.9575,72.497,6588268,6588268,-0.382543,-0.525,72.333
526,72.8011,72.8305,72.2027,72.4872,9475258,9475258,-0.00981,-0.014,72.5085
527,71.9869,72.0458,69.9859,70.5647,16671856,16671856,-1.9225,-2.652,70.6842
528,70.1331,70.1527,69.162,69.2699,12394402,12394402,-1.2948,-1.835,69.5312
529,69.6426,69.7231,68.5637,69.3287,9291563,9291563,0.058852,0.085,69.0629
530,69.78,70.034,68.2498,68.8775,10135051,10135051,-0.451206,-0.651,69.0683
531,69.7898,70.6323,69.3287,70.2606,9466361,9466361,1.383,2.008,70.1969
532,70.2312,70.3489,69.5936,70.1233,7916550,7916550,-0.137322,-0.195,70.0221
533,69.8192,70.5352,69.3091,70.5352,6442828,6442828,0.411969,0.587,70.0856
534,70.3096,71.4376,70.1429,70.9864,7561777,7561777,0.451207,0.64,70.7616
535,70.8982,72.2616,70.7903,71.7417,7410874,7410874,0.755279,1.064,71.7403
536,72.0948,72.6834,71.7319,72.3695,15026196,15026196,0.627764,0.875,72.2146
537,72.1733,72.5264,71.7515,72.3597,7397407,7397407,-0.009807,-0.014,72.1671
538,71.8398,72.242,71.5357,71.5652,6796807,6796807,-0.794516,-1.098,71.7927
539,71.5553,72.7513,71.3788,72.497,7287120,7287120,0.931839,1.302,72.3528
540,72.242,72.7422,72.0066,72.7226,6303855,6303855,0.225601,0.311,72.4722
541,72.7226,72.8501,72.3106,72.6637,7283310,7283310,-0.058852,-0.081,72.6138
542,72.6049,74.1449,72.5068,73.9389,10541504,10541504,1.2751,1.755,73.7122
543,74.4489,75.5279,74.3901,75.3121,9691857,9691857,1.3732,1.857,75.207
544,75.1552,75.4494,74.498,75.0179,7490770,7490770,-0.294267,-0.391,75.0759
545,74.7923,76.754,74.3509,76.1066,10183430,10183430,1.0888,1.451,75.9834
546,76.4794,76.8128,76.0478,76.3421,6905791,6905791,0.235413,0.309,76.3911
547,75.6652,75.9889,75.1209,75.4985,6012003,6012003,-0.843558,-1.105,75.5061
548,75.6064,76.7834,75.5279,76.7148,6220442,6220442,1.2163,1.611,76.3478
549,76.2243,76.4892,75.7143,76.0968,7542091,7542091,-0.617953,-0.806,76.0944
550,76.5873,77.1169,76.3244,76.5382,5327470,5327470,0.441396,0.58,76.6378
551,76.8619,77.2739,76.2832,76.3322,5957176,5957176,-0.205984,-0.269,76.6562
552,76.2342,77.0483,76.1655,77.0189,5963021,5963021,0.686615,0.9,76.7893
553,77.5191,78.4019,77.4014,78.1861,9187302,9187302,1.1673,1.516,77.947
554,78.2352,79.1278,77.7938,78.7943,11470291,11470291,0.608146,0.778,78.6703
555,78.7158,79.1474,78.3725,78.549,7186655,7186655,-0.245222,-0.311,78.6602
556,78.6667,79.9909,78.3038,79.8928,7761240,7761240,1.3438,1.711,79.5581
557,79.9419,80.1675,78.8335,79.2062,8324721,8324721,-0.686616,-0.859,79.3696
558,79.3337,80.0792,79.01,79.5986,8521341,8521341,0.392351,0.495,79.6663
559,79.9419,80.1086,79.1327,79.2455,9536936,9536936,-0.353116,-0.444,79.4101
560,76.5088,77.8379,75.8026,77.5976,18216044,18216044,-1.6479,-2.079,77.0215
561,77.1856,77.3327,76.3322,76.6461,11184600,11184600,-0.951455,-1.226,76.6452
562,76.9502,77.1954,76.6167,77.0287,6071828,6071828,0.382543,0.499,76.9154
563,76.911,77.4897,76.6756,77.2543,6319411,6319411,0.225604,0.293,77.1007
564,76.8521,77.7545,76.1164,76.1949,8322598,8322598,-1.0594,-1.371,76.8523
565,76.038,76.5186,75.3906,75.7633,8092698,8092698,-0.431589,-0.566,75.7985
566,76.3224,76.9698,75.6849,76.96,7636765,7636765,1.1967,1.579,76.4677
567,75.9497,76.8619,75.4593,75.7143,7666257,7666257,-1.2457,-1.619,75.8463
568,75.0963,75.9007,74.8903,75.5966,8853996,8853996,-0.117706,-0.155,75.3573
569,75.6652,76.2145,75.5377,75.881,6002253,6002253,0.284457,0.376,75.8279
570,75.7535,76.3126,75.3121,76.2342,6172569,6172569,0.353117,0.465,75.8622
571,76.2047,76.8619,76.0968,76.7246,9242313,9242313,0.49044,0.643,76.5998
572,76.9208,77.8134,76.911,77.6861,6802592,6802592,0.961524,1.253,77.4313
573,77.7647,77.9514,75.9469,75.9567,8432461,8432461,-1.7294,-2.226,76.6112
574,76.448,76.8312,75.7307,76.5364,7512769,7512769,0.579746,0.763,76.2912
575,76.3596,76.9197,75.4949,75.4949,7562720,7562720,-1.0416,-1.361,75.9971
576,75.6816,76.6986,75.6226,76.448,8597943,8597943,0.953143,1.263,76.3079
577,76.222,76.5659,75.1903,75.4556,7169929,7169929,-0.992447,-1.298,75.6068
578,75.377,76.5266,75.0723,76.0844,6288521,6288521,0.628877,0.833,75.8649
579,75.5342,75.9076,74.8955,75.544,5552176,5552176,-0.540442,-0.71,75.3541
580,75.996,76.6838,75.8388,76.3203,6302077,6302077,0.776273,1.028,76.3699
581,76.4087,76.6347,75.7995,75.8683,5934308,5934308,-0.452009,-0.592,76.0328
582,76.3104,78.1185,76.3104,78.0006,7582311,7582311,2.1323,2.811,77.7514
583,78.1185,78.2855,77.578,77.6861,5849768,5849768,-0.314439,-0.403,77.799
584,78.0202,78.0202,77.4994,77.6272,4284037,4284037,-0.058959,-0.076,77.6791
585,77.4699,78.2757,77.4699,78.2757,4374565,4374565,0.648531,0.835,78.0252
586,78.4722,78.482,77.3913,77.5682,8639598,8639598,-0.707488,-0.904,77.6491
587,77.3225,77.9367,77.2046,77.8433,4507035,4507035,0.275134,0.355,77.7302
588,77.8925,78.5607,77.5584,78.5607,5627533,5627533,0.717317,0.921,78.1852
589,78.1676,78.8063,77.7844,78.5508,7628027,7628027,-0.009829,-0.013,78.4142
590,78.8947,79.4941,78.7768,79.1404,7620131,7620131,0.589576,0.751,79.1818
591,79.2976,79.5924,79.1404,79.1994,5515733,5515733,0.058955,0.074,79.392
592,79.1994,80.2901,79.0716,80.2311,8860853,8860853,1.0318,1.303,79.9135
593,79.8184,80.123,79.5691,79.8479,6670927,6670927,-0.38322,-0.478,79.9416
594,79.3468,79.3468,78.4526,78.7867,7859907,7859907,-1.0612,-1.329,78.8061
595,77.6272,78.7867,77.0179,77.0376,10424584,10424584,-1.7491,-2.22,77.6193
596,76.7625,77.3815,76.6052,77.2046,7891725,7891725,0.167046,0.217,76.9245
597,77.2046,77.4699,76.6937,76.8116,7423966,7423966,-0.393048,-0.509,77.0292
598,76.5364,77.1555,75.7995,76.9885,9650828,9650828,0.176872,0.23,76.4923
599,76.959,76.9688,75.4949,75.6521,14602150,14602150,-1.3364,-1.736,75.9353
600,76.9393,77.0179,75.9764,75.996,9957495,9957495,0.343919,0.455,76.3164
601,76.4578,76.6544,75.8093,75.9862,9200991,9200991,-0.009829,-0.013,76.0948
602,76.2318,76.4087,75.2001,75.2001,9626738,9626738,-0.786097,-1.035,75.627
603,76.4087,76.8804,75.5342,76.8705,13566150,13566150,1.6705,2.221,76.38
604,73.5001,74.7186,73.1562,73.7458,18374978,18374978,-3.1247,-4.065,74.1451
605,72.8909,73.284,71.9771,72.0655,16346791,16346791,-1.6803,-2.278,72.6467
606,73.736,74.188,73.1922,73.8539,14815204,14815204,1.7884,2.482,73.728
607,74.6596,75.4261,74.3943,75.4064,12178124,12178124,1.5525,2.102,74.9403
608,75.6521,75.7995,72.5175,72.8811,24877318,24877318,-2.5253,-3.349,73.3994
609,73.2054,74.6203,72.8123,73.1857,13821423,13821423,0.304614,0.418,73.6435
610,72.9597,73.6672,72.547,73.3724,11080996,11080996,0.186697,0.255,73.2171
611,72.832,73.451,72.547,72.773,11263807,11263807,-0.599399,-0.817,72.9724
612,73.0285,73.9816,72.9794,73.2152,8806656,8806656,0.442179,0.608,73.3508
613,73.9915,75.2197,73.4903,75.092,10974962,10974962,1.8768,2.563,74.7404
614,75.4752,75.8506,75.0637,75.1903,8185921,8185921,0.09826,0.131,75.3854
615,75.3475,76.222,75.2197,76.1336,10245511,10245511,0.943319,1.255,75.9249
616,76.3301,76.4284,75.8584,76.1139,6559168,6559168,-0.019654,-0.026,76.108
617,76.7035,77.1752,76.3399,76.7821,6607383,6607383,0.668184,0.878,76.7839
618,77.2832,77.3815,76.6937,76.9393,8153431,8153431,0.157221,0.205,77.044
619,76.9885,77.3289,76.8705,76.9492,4864213,4864213,0.009825,0.013,77.0374
620,76.3989,77.5161,76.281,77.352,9395544,9395544,0.402873,0.524,77.304
621,77.3815,78.3641,77.3815,77.9809,7922144,7922144,0.62888,0.813,78.0487
622,78.0595,78.3445,77.0376,77.4208,9227274,9227274,-0.560093,-0.718,77.4523
623,78.5901,78.6884,76.9688,78.5213,12532423,12532423,1.1005,1.421,78.0079
624,78.7768,78.7768,77.3619,77.5682,7979850,7979850,-0.953144,-1.214,77.708
625,77.6075,77.6861,76.5856,77.126,9673171,9673171,-0.44218,-0.57,77.0823
626,77.0965,77.4208,76.1827,77.1653,10194400,10194400,0.039306,0.051,76.8591
627,77.3225,78.6098,77.185,77.8139,8709660,8709660,0.64853,0.84,77.6477
628,77.863,77.9711,76.6445,76.6937,7777737,7777737,-1.1202,-1.44,77.0475
629,76.9492,77.1653,76.3792,76.9,8908838,8908838,0.20635,0.269,76.7573
630,76.7133,77.1064,76.3989,76.9197,7909986,7909986,0.019653,0.026,76.8533
631,76.9197,77.3422,76.8509,77.3422,7272723,7272723,0.422528,0.549,77.1675
632,77.4601,78.2659,77.3815,78.0988,5954363,5954363,0.756619,0.978,78.028
633,78.3445,78.8456,78.2757,78.7473,6662509,6662509,0.64853,0.83,78.6006
634,78.8358,78.9439,78.4133,78.5607,5119724,5119724,-0.186696,-0.237,78.6511
635,78.5705,79.0814,78.5607,78.6687,4455661,4455661,0.108087,0.138,78.7435
636,78.5803,78.826,78.1283,78.2953,5945458,5945458,-0.373396,-0.475,78.3562
637,78.6098,78.8849,78.4526,78.7277,6577663,6577663,0.432353,0.552,78.7084
638,78.4133,78.6884,78.2659,78.6294,4420370,4420370,-0.098261,-0.125,78.5298
639,78.7375,79.7398,78.6294,79.504,6290330,6290330,0.874533,1.112,79.4627
640,79.0225,79.504,78.826,79.4057,6182560,6182560,-0.098298,-0.124,79.2859
641,79.445,79.5976,79.1399,79.573,4655396,4655396,0.167335,0.211,79.4324
642,78.756,79.3269,78.6576,79.0119,7453931,7453931,-0.561068,-0.705,78.9349
643,78.756,79.2088,78.4902,79.2088,8480876,8480876,0.196867,0.249,79.0239
644,79.0808,79.8092,78.7068,79.7896,7954481,7954481,0.580752,0.733,79.6225
645,80.0947,80.4786,79.5336,79.5336,10007765,10007765,-0.255924,-0.321,79.8757
646,79.5336,79.7108,78.9332,79.0316,5027955,5027955,-0.502008,-0.631,79.2656
647,79.0316,79.2601,78.7462,79.0612,5773650,5773650,0.029529,0.037,79.046
648,79.3565,79.8683,78.9135,79.3072,7932220,7932220,0.246083,0.311,79.3505
649,79.2777,79.7207,79.2777,79.6025,4766662,4766662,0.295299,0.372,79.5774
650,79.7305,79.9175,79.45,79.8978,4128693,4128693,0.295296,0.371,79.7923
651,79.6813,79.9273,79.445,79.6321,7386069,7386069,-0.265766,-0.333,79.6573
652,79.8683,80.2719,79.701,80.0258,6240551,6240551,0.39373,0.494,79.9953
653,80.2916,80.8576,80.2227,80.7148,6408854,6408854,0.689027,0.861,80.6176
654,80.7148,81.2365,80.5278,81.2365,8140388,8140388,0.521694,0.646,81.0506
655,81.1873,81.9551,81.0692,81.9354,9304730,9304730,0.698874,0.86,81.7669
656,81.7188,82.3157,81.2956,81.6696,7961076,7961076,-0.26577,-0.324,81.8548
657,81.1066,81.5121,80.0553,80.0553,11562959,11562959,-1.6143,-1.977,80.614
658,80.0652,81.8271,79.9119,81.6696,9882701,9882701,1.6143,2.016,80.9658
659,81.1184,81.1479,80.3408,80.6065,8834328,8834328,-1.0631,-1.302,80.6489
660,80.1833,80.9314,80.1734,80.2128,10999521,10999521,-0.39373,-0.488,80.4795
661,80.1439,80.8428,79.9175,80.7247,10636516,10636516,0.511849,0.638,80.5613
662,80.4589,80.9708,80.1439,80.7837,11702036,11702036,0.05906,0.073,80.5925
663,81.1381,81.7385,80.9412,81.2168,8361653,8361653,0.433104,0.536,81.3544
664,81.6696,81.9255,81.0298,81.1873,6473252,6473252,-0.029529,-0.036,81.3295
665,81.6204,81.9452,80.9806,81.9157,7536200,7536200,0.728402,0.897,81.5764
666,82.1126,82.4768,81.896,82.0535,6599440,6599440,0.137805,0.168,82.1707
667,82.024,82.1421,81.2267,81.2464,8283718,8283718,-0.807148,-0.984,81.3836
668,80.8625,80.9708,80.4048,80.5278,8486752,8486752,-0.71856,-0.884,80.6027
669,80.5081,81.0889,80.2227,80.8723,7969487,7969487,0.344515,0.428,80.8005
670,81.0889,81.709,80.6558,81.6696,7974323,7974323,0.797304,0.986,81.2426
671,81.4235,81.7582,80.5081,80.6361,5885376,5885376,-1.0335,-1.266,81.0484
672,80.8723,81.7336,80.3998,81.4039,9776837,9776837,0.767774,0.952,81.1896
673,81.1282,81.8041,81.0101,81.5613,8155414,8155414,0.157494,0.193,81.5266
674,81.9748,82.2208,81.2857,81.4334,5771983,5771983,-0.127963,-0.157,81.5936
675,81.6598,82.1421,81.6007,82.0437,6163375,6163375,0.610283,0.749,81.9596
676,81.8173,82.1697,81.581,82.0535,7687143,7687143,0.009843,0.012,81.9686
677,82.1815,82.3882,81.3448,81.581,8238129,8238129,-0.472477,-0.576,81.7231
678,81.8271,82.2307,81.6401,81.8173,7371537,7371537,0.236239,0.29,81.8445
679,81.3842,81.4924,80.2916,80.7542,6227356,6227356,-1.0631,-1.299,80.6674
680,80.5573,81.2464,80.5376,80.9609,3923636,3923636,0.206708,0.256,80.9769
681,80.3703,80.8428,79.8388,80.5869,6810946,6810946,-0.374043,-0.462,80.4447
682,80.7542,81.8862,80.7542,81.1578,6698083,6698083,0.570908,0.708,81.3887
683,81.2857,81.394,80.7542,80.8625,8473733,8473733,-0.295297,-0.364,80.9107
684,80.2227,81.079,80.075,80.3014,11680407,11680407,-0.561066,-0.694,80.4343
685,80.3703,81.5712,80.3703,81.5121,8440945,8440945,1.2107,1.508,81.3229
686,81.7484,81.7976,80.8822,81.207,6945209,6945209,-0.305142,-0.374,81.294
687,80.7345,81.2464,80.3014,81.0593,8043196,8043196,-0.147648,-0.182,80.8873
688,81.9649,82.2799,81.4137,81.8665,16266997,16266997,0.807149,0.996,81.8882
689,80.8625,81.6893,80.4195,80.7444,15085850,15085850,-1.1221,-1.371,80.8716
690,80.3408,80.9708,80.1341,80.4687,8748420,8748420,-0.275612,-0.341,80.4903
691,80.6755,80.9806,80.3309,80.6361,7039234,7039234,0.167336,0.208,80.6835
692,81.2267,82.0535,80.8231,80.9314,10919564,10919564,0.295298,0.366,81.3367
693,81.1479,81.6007,81.0643,81.2168,10024036,10024036,0.285455,0.353,81.2896
694,81.3448,81.3948,80.0553,80.3408,10881514,10881514,-0.876051,-1.079,80.4632
695,79.6222,80.1045,79.258,79.3171,9170944,9170944,-1.0237,-1.274,79.6207
696,79.4844,79.8585,79.2777,79.386,7563109,7563109,0.068903,0.087,79.5334
697,79.386,79.9667,79.0661,79.1005,7588118,7588118,-0.285457,-0.36,79.4284
698,80.3605,81.2365,80.1734,81.2168,7277898,7277898,2.1163,2.675,80.8158
699,81.0987,81.8566,80.8625,81.581,7151960,7151960,0.364201,0.448,81.5428
700,80.5278,81.9945,79.947,81.9354,12158464,12158464,0.354358,0.434,81.4291
701,81.9945,82.6441,80.139,80.5869,17171681,17171681,-1.3485,-1.646,80.9524
702,80.3113,81.335,80.2423,80.5967,7367994,7367994,0.009842,0.012,80.7166
703,80.7345,80.9314,76.0885,77.1516,21773523,21773523,-3.4451,-4.275,77.5451
704,77.0039,78.2934,76.5757,77.3386,18523447,18523447,0.187021,0.242,77.7012
705,77.7183,79.0993,77.6888,78.9908,9997671,9997671,1.6522,2.136,78.6373
706,79.2275,80.0956,79.0894,79.9673,8081807,8081807,0.976536,1.236,79.6909
707,80.0462,80.3915,79.4347,79.7207,7920808,7920808,-0.2466,-0.308,79.7853
708,80.1252,80.6677,79.7996,80.5789,8942057,8942057,0.858166,1.076,80.4232
709,80.5789,80.5789,78.1819,78.8428,18133893,18133893,-1.7361,-2.154,78.8126
710,78.8922,78.902,77.8762,78.4877,12861961,12861961,-0.355105,-0.45,78.2633
711,78.902,79.2769,78.6554,79.0401,6495826,6495826,0.552385,0.704,78.9732
712,78.5765,78.9218,77.9748,78.0044,11793084,11793084,-1.0357,-1.31,78.3377
713,78.0439,78.4976,77.8762,78.0734,8575239,8575239,0.069048,0.089,78.1344
714,78.3694,78.3694,76.2289,76.2683,15353872,15353872,-1.8051,-2.312,76.7431
715,76.5149,76.5643,74.2265,74.404,21052986,21052986,-1.8643,-2.444,74.8031
716,74.3745,75.2129,74.1476,74.6901,13629619,13629619,0.286055,0.384,74.5766
717,75.5877,76.5445,75.5088,76.2585,12119198,12119198,1.5684,2.1,76.1943
718,76.8799,76.9095,75.6666,76.0612,13896640,13896640,-0.197278,-0.259,76.1619
719,76.219,78.4088,76.1993,78.2313,13919763,13919763,2.1701,2.853,77.5757
720,78.5962,78.7837,77.8959,78.2017,13320094,13320094,-0.029592,-0.038,78.2632
721,78.0734,78.8428,77.7578,78.0636,10728310,10728310,-0.138095,-0.177,78.0434
722,77.9156,77.9551,76.8552,77.4323,11941452,11941452,-0.631297,-0.809,77.3174
723,77.7381,78.4187,77.1857,78.1228,12995086,12995086,0.69048,0.892,77.9779
724,78.2017,78.8922,78.0439,78.0537,20146201,20146201,-0.069046,-0.088,78.4061
725,78.2905,79.2966,78.0537,78.4187,14070899,14070899,0.364965,0.468,78.751
726,78.1425,78.3792,77.1068,77.2843,19141694,19141694,-1.1344,-1.447,77.5186
727,76.9785,77.5309,76.9588,77.0377,8699074,8699074,-0.246599,-0.319,77.1187
728,77.3435,77.5112,76.6333,77.2942,6917426,6917426,0.256463,0.333,77.1085
729,77.4126,77.4816,76.9194,77.0772,9343636,9343636,-0.217007,-0.281,77.0921
730,76.9588,76.9983,76.1401,76.8404,12074044,12074044,-0.236736,-0.307,76.5667
731,77.018,77.4126,76.8404,77.087,6192947,6192947,0.246599,0.321,77.0628
732,77.2054,77.7756,77.166,77.2843,3776005,3776005,0.19728,0.256,77.3686
733,77.3336,77.5802,76.9095,77.235,7587068,7587068,-0.049321,-0.064,77.2327
734,77.4224,77.7677,77.235,77.2646,6241083,6241083,0.029592,0.038,77.4133
735,77.3632,77.4717,76.875,76.9588,7127305,7127305,-0.305783,-0.396,77.0743
736,77.6888,78.8231,77.4224,78.4187,13785211,13785211,1.4599,1.897,78.3579
737,78.3595,79.1684,78.2806,79.0598,8033051,8033051,0.641159,0.818,78.912
738,79.2473,80.4211,79.1289,79.9871,7805139,7805139,0.927215,1.173,79.9462
739,80.1942,81.368,79.8391,81.0918,8898332,8898332,1.1048,1.381,80.8678
740,81.1609,81.3286,80.5394,80.6381,7305302,7305302,-0.453744,-0.56,80.7597
741,80.5888,80.786,80.0265,80.2041,6017500,6017500,-0.434014,-0.538,80.3906
742,80.1449,80.6874,79.8095,80.6874,7499170,7499170,0.483334,0.603,80.4109
743,79.9476,80.3619,79.415,80.2633,6884016,6884016,-0.424151,-0.526,79.9978
744,79.918,80.7367,79.6911,80.066,7291220,7291220,-0.197281,-0.246,80.2082
745,79.6615,80.3816,79.6615,80.1547,6326480,6326480,0.088778,0.111,80.0969
746,80.1646,80.717,79.8786,80.4803,8512272,8512272,0.325509,0.406,80.4645
747,80.6775,80.7367,80.3027,80.6184,6479361,6479361,0.138098,0.172,80.4939
748,80.9735,81.1609,80.5,80.7269,9048515,9048515,0.108504,0.135,80.7884
749,80.5888,81.1806,80.3915,81.0326,7414232,7414232,0.305782,0.379,80.8344
750,81.2792,82.3544,80.7367,82.098,8397522,8397522,1.0653,1.315,81.8385
751,82.6503,83.1238,82.315,82.7588,9360857,9360857,0.660888,0.805,82.6602
752,82.7786,82.7786,81.9451,82.1078,8428212,8428212,-0.651024,-0.787,82.2289
753,82.1867,82.6602,81.7922,82.6306,5445840,5445840,0.522791,0.637,82.4282
754,82.3347,82.601,81.5357,82.5616,8792818,8792818,-0.069047,-0.084,82.1793
755,81.0129,82.1423,80.9833,81.585,7479425,7479425,-0.976535,-1.183,81.5513
756,81.7724,81.9599,80.934,81.3187,7534371,7534371,-0.266328,-0.326,81.3467
757,81.0228,81.5731,80.4605,81.1806,11142259,11142259,-0.138094,-0.17,81.0064
758,84.5738,85.6391,83.9524,84.9092,28079568,28079568,3.7286,4.593,85.0381
759,84.8993,84.9289,84.3469,84.6626,9665269,9665269,-0.246601,-0.29,84.6434
760,84.7908,85.1755,84.5048,84.6133,8600299,8600299,-0.04932,-0.058,84.7703
761,84.633,84.6725,83.9228,83.9327,7587713,7587713,-0.680615,-0.804,84.1617
762,84.2088,84.6034,83.7255,84.416,6554731,6554731,0.483336,0.576,84.2631
763,84.633,84.9684,84.0708,84.7316,10431983,10431983,0.315646,0.374,84.6027
764,85.0276,85.5208,84.8303,85.2643,6046310,6046310,0.532655,0.629,85.1942
765,85.3432,85.7871,85.0867,85.6687,5952016,5952016,0.404424,0.474,85.4384
766,85.9998,86.5137,85.6836,86.5137,8049742,8049742,0.844991,0.986,86.2834
767,86.5236,86.6521,85.7727,86.3852,8680571,8680571,-0.128475,-0.149,86.1918
768,86.2469,86.6521,85.9603,86.4346,5887160,5887160,0.049413,0.057,86.2688
769,86.4841,87.0078,86.148,86.8893,9301250,9301250,0.454608,0.526,86.7168
770,86.5829,87.1166,86.4841,86.7707,8389934,8389934,-0.118594,-0.136,86.8107
771,87.1956,87.4526,86.8398,87.1462,6040523,6040523,0.375546,0.433,87.1045
772,86.3358,87.3933,86.2765,87.3933,5151311,5151311,0.247067,0.284,87.0447
773,87.2846,87.3439,86.8794,86.9683,6131649,6131649,-0.424957,-0.486,87.0923
774,87.1264,87.3449,86.7262,86.909,8565269,8565269,-0.059298,-0.068,87.0105
775,87.6996,88.0949,87.3834,87.9467,11131368,11131368,1.0377,1.194,87.8147
776,87.9566,88.0851,87.0671,87.4921,10544171,10544171,-0.454607,-0.517,87.4368
777,87.2747,87.8676,87.1462,87.7491,5713897,5713897,0.256952,0.294,87.6028
778,87.4921,88.2234,87.2351,87.8973,7347648,7347648,0.148241,0.169,87.8175
779,87.9467,88.2531,87.8083,88.0159,5688364,5688364,0.118593,0.135,88.0486
780,88.1246,88.2531,87.8281,87.9171,5866775,5866775,-0.098827,-0.112,87.9606
781,87.9764,88.4507,87.67,88.0653,5953875,5953875,0.148242,0.169,88.0687
782,88.4507,88.8065,88.0556,88.678,12247187,12247187,0.612732,0.696,88.5592
783,88.7472,89.2512,88.5594,89.0536,8944143,8944143,0.375544,0.423,88.9568
784,88.8757,88.9745,88.1938,88.5001,6009803,6009803,-0.553435,-0.621,88.5541
785,88.6978,89.0437,88.3618,88.8658,6350706,6350706,0.365663,0.413,88.7143
786,89.2512,89.271,88.4211,88.9844,9174440,9174440,0.118592,0.133,88.8704
787,89.1919,89.5675,89.1129,89.1821,8613377,8613377,0.197655,0.222,89.2496
788,89.2315,90.9708,87.922,88.1345,9438042,9438042,-1.0476,-1.175,88.3303
789,88.4408,88.6583,86.9683,87.0276,11092126,11092126,-1.1069,-1.256,87.3656
790,86.8201,87.9912,86.8201,87.4822,7828563,7828563,0.454607,0.522,87.5362
791,87.4328,88.342,87.3834,87.8182,7710654,7710654,0.336014,0.384,87.9892
792,88.0159,88.5545,87.9269,88.1444,7597620,7597620,0.326132,0.371,88.2698
793,87.2747,87.9467,87.0375,87.9072,5230008,5230008,-0.237186,-0.269,87.6626
794,88.0752,88.3717,87.4526,88.0752,7045509,7045509,0.168005,0.191,88.0701
795,87.9467,88.342,87.5217,88.1345,4737996,4737996,0.059297,0.067,87.9449
796,88.0357,88.0505,87.5658,87.9665,6227073,6227073,-0.168007,-0.191,87.835
797,87.9368,88.3025,87.8281,87.8281,6429764,6429764,-0.138358,-0.157,88.0309
798,88.0949,88.4112,87.3636,88.3124,9125775,9125775,0.484255,0.551,88.1014
799,87.9665,88.2827,87.6206,87.7392,4859944,4859944,-0.5732,-0.649,87.8339
800,88.0851,89.1425,87.9072,87.9862,7251617,7251617,0.24707,0.282,88.511
801,87.9566,88.2135,87.7392,88.0455,8473909,8473909,0.059295,0.067,88
802,87.9269,88.1938,87.4822,87.6996,5439513,5439513,-0.345897,-0.393,87.7891
803,87.581,88.2037,87.4822,87.8182,5999394,5999394,0.118594,0.135,87.7911
804,87.5613,87.8083,87.0968,87.8083,7058509,7058509,-0.009883,-0.011,87.5575
805,87.6601,88.1641,87.5217,87.6403,5912460,5912460,-0.168006,-0.191,87.8332
806,87.4328,88.7225,87.3933,87.8281,7242743,7242743,0.187772,0.214,88.1455
807,88.0455,88.846,87.7095,88.7571,6122795,6122795,0.928978,1.058,88.3071
808,88.5891,88.8658,88.1938,88.678,6823460,6823460,-0.079059,-0.089,88.5132
809,89.0338,89.5576,88.5496,88.6978,7301338,7301338,0.019764,0.022,89.025
810,89.0832,90.4273,88.8507,90.0814,12178320,12178320,1.3836,1.56,89.8813
811,91.6824,91.712,89.9529,90.0814,19442584,19442584,0,0,90.7179
812,91.0697,91.4156,89.943,90.7732,11705374,11705374,0.691795,0.768,90.5358
813,90.9115,91.2673,90.5063,91.0301,7769203,7769203,0.256952,0.283,90.9773
814,90.9412,91.3958,90.6744,90.7435,11295240,11295240,-0.2866,-0.315,90.9058
815,90.872,90.9214,90.2099,90.5261,5856781,5856781,-0.217421,-0.24,90.5083
816,90.3186,90.4767,89.9134,90.1506,6888471,6888471,-0.375546,-0.415,90.2048
817,90.2197,90.5953,90.0715,90.1901,9042079,9042079,0.039532,0.044,90.288
818,90.5459,91.6626,90.4569,91.4551,11627705,11627705,1.265,1.403,91.2051
819,91.3167,91.46,90.8967,91.3563,4908954,4908954,-0.098825,-0.108,91.2
820,91.6132,91.7615,91.1685,91.5342,5257030,5257030,0.177888,0.195,91.4907
821,91.8109,91.8899,90.6842,91.0104,8844524,8844524,-0.523786,-0.572,91.0113
822,90.9708,91.0795,90.447,90.8424,5223617,5223617,-0.168008,-0.185,90.7709
823,90.8226,91.0598,90.7577,90.9214,3969471,3969471,0.079062,0.087,90.8972
824,90.6249,91.3266,90.6052,91.1685,6747589,6747589,0.247069,0.272,91.0938
825,91.04,91.2278,90.5459,91.0202,7052203,7052203,-0.148241,-0.163,90.9886
826,91.1092,91.6923,90.9017,91.6429,5898827,5898827,0.622614,0.684,91.4257
827,91.6429,92.3247,91.633,92.137,7040087,7040087,0.494139,0.539,92.1181
828,92.2556,92.6261,91.88,92.0579,5497361,5497361,-0.079063,-0.086,92.0909
829,91.5579,91.8351,90.7956,90.8451,8240166,8240166,-1.2128,-1.317,91.2039
830,90.4491,91.5579,90.4491,90.7956,8239825,8239825,-0.049502,-0.054,90.8893
831,91.0629,91.8847,90.7956,91.5579,9361292,9361292,0.762324,0.84,91.4622
832,91.6074,92.6668,91.5084,92.3797,9186208,9186208,0.821723,0.897,92.2912
833,92.6272,93.1321,92.5381,92.9242,7616088,7616088,0.544517,0.589,92.8923
834,93.0826,94.0429,93.0826,93.8647,6916568,6916568,0.940528,1.012,93.6708
835,94.1419,94.429,93.9439,94.0924,7262356,7262356,0.227708,0.243,94.1857
836,94.0528,94.1716,93.4489,93.7261,4133942,4133942,-0.366311,-0.389,93.7973
837,93.7162,93.934,93.3994,93.7756,6292726,6292726,0.0495,0.053,93.6839
838,94.132,94.5775,93.5182,94.2805,9865986,9865986,0.504916,0.538,94.1865
839,94.4488,94.4983,93.6667,94.4488,8911894,8911894,0.168305,0.179,94.1525
840,94.4587,95.231,94.4587,95.1913,8570164,8570164,0.742522,0.786,94.9981
841,95.3597,95.627,95.1517,95.5874,14510542,14510542,0.396013,0.416,95.5027
842,95.3102,95.6369,94.6072,94.8349,7030305,7030305,-0.752423,-0.787,95.1204
843,95.0725,95.2607,94.8052,95.1319,6720346,6720346,0.297009,0.313,95.054
844,94.9141,95.1616,94.3399,95.1319,7720313,7720313,0,0,94.8003
845,95.1319,95.2894,92.7757,93.6172,16887075,16887075,-1.5147,-1.592,93.8757
846,92.7559,93.1024,91.8748,92.5678,15609984,15609984,-1.0494,-1.121,92.4524
847,93.0628,94.3894,93.0331,94.132,8700111,8700111,1.5642,1.69,93.9629
848,94.3696,95.0428,94.0033,94.3696,6347039,6347039,0.237607,0.252,94.5217
849,93.4984,93.5875,92.5975,93.2311,12793864,12793864,-1.1385,-1.206,93.0348
850,93.3697,93.4984,92.8054,93.2311,14705134,14705134,0,0,93.2033
851,93.8053,93.9043,93.3103,93.8449,5984287,5984287,0.613818,0.658,93.6235
852,93.8449,94.0083,93.3895,93.439,5626703,5626703,-0.405913,-0.433,93.6604
853,93.6667,93.8251,93.1321,93.5974,5611354,5611354,0.158406,0.17,93.5179
854,93.5479,93.5677,92.9351,93.0133,5846460,5846460,-0.584118,-0.624,93.1252
855,93.2212,94.6963,92.9539,94.627,11637316,11637316,1.6137,1.735,94.3758
856,94.8448,95.3052,94.1507,94.2706,6970841,6970841,-0.35641,-0.377,94.579
857,94.2013,94.3894,93.6865,93.9538,6283594,6283594,-0.316809,-0.336,94.1118
858,94.2013,95.439,93.7162,95.2706,5571267,5571267,1.3167,1.401,94.8168
859,94.8349,94.8349,93.0727,93.4786,8872547,8872547,-1.792,-1.881,93.6827
860,93.439,93.6766,92.845,92.845,9036622,9036622,-0.63362,-0.678,93.2221
861,93.439,93.4687,92.4193,92.4193,6197656,6197656,-0.425714,-0.459,92.884
862,92.8153,93.4588,92.7856,93.0727,9339609,9339609,0.653421,0.707,93.0729
863,92.5183,93.0331,92.2609,92.3203,8215653,8215653,-0.752423,-0.808,92.5776
864,92.5678,93.4687,92.5678,92.9836,6175766,6175766,0.663321,0.718,93.1317
865,93.2113,94.4191,93.2113,94.1419,8851817,8851817,1.1583,1.246,94.0429
866,94.132,94.6765,93.9835,94.4587,5554107,5554107,0.31681,0.337,94.3976
867,95.023,95.4884,94.6765,95.2211,5974765,5974765,0.762323,0.807,95.1983
868,95.4587,95.6864,94.8151,94.9834,6721737,6721737,-0.237608,-0.25,95.1344
869,95.1814,96.3992,95.1616,95.9636,6195768,6195768,0.980131,1.032,95.9521
870,96.1418,96.32,95.627,95.8646,5914864,5914864,-0.099005,-0.103,95.8636
871,95.8844,96.7754,95.6468,96.6071,7434969,7434969,0.742523,0.775,96.4169
872,96.6665,97.3496,96.5774,97.2704,6390351,6390351,0.66332,0.687,97.0389
873,98.1218,98.1496,96.9536,97.1318,8572921,8572921,-0.138605,-0.142,97.4195
874,98.607,99.4881,98.102,98.607,17400234,17400234,1.4751,1.519,98.7969
875,98.5575,99.4188,98.1515,99.3693,9186041,9186041,0.762325,0.773,99.1088
876,99.6465,99.8445,98.805,98.9931,6774854,6774854,-0.376212,-0.379,99.3568
877,99.0129,99.9781,98.8644,99.8445,7205420,7205420,0.851425,0.86,99.4876
878,99.9633,100.1712,97.5674,98.5773,10543859,10543859,-1.2672,-1.269,98.7339
879,98.1317,98.5971,97.5278,98.1614,6558846,6558846,-0.415811,-0.422,98.2327
880,98.5079,99.003,98.1515,98.5674,7576614,7576614,0.405913,0.414,98.6547
881,99.3594,100.0573,98.9634,99.8643,6018133,6018133,1.2969,1.316,99.5759
882,100.0227,100.2702,99.2406,100.2702,5955622,5955622,0.405912,0.406,99.8872
883,99.9336,100.087,99.3297,99.5871,5697526,5697526,-0.683121,-0.681,99.7016
884,99.9534,100.3296,99.6069,99.8841,4618021,4618021,0.29701,0.298,99.8886
885,99.9138,100.5227,99.5871,100.4781,7047112,7047112,0.594017,0.595,100.3071
886,100.488,100.7009,99.9237,100.2702,6283690,6283690,-0.207906,-0.207,100.308
887,99.7554,100.29,99.597,99.9633,6902137,6902137,-0.30691,-0.306,99.9092
888,99.5376,99.8742,98.4386,98.498,8560754,8560754,-1.4652,-1.466,98.9494
889,98.5575,99.3,98.5377,99.0921,5268197,5268197,0.594018,0.603,99.031
890,99.9732,101.0919,99.7455,100.8543,5657604,5657604,1.7623,1.778,100.6904
891,101.3394,101.7552,100.9533,101.6067,5385990,5385990,0.752422,0.746,101.4523
892,101.8993,103.0595,101.7803,102.4546,13408343,13408343,0.847867,0.834,102.5172
893,102.4645,102.665,101.3043,101.3043,7381557,7381557,-1.1503,-1.123,101.9018
894,101.225,102.2265,101.0862,101.6514,5670884,5670884,0.347069,0.343,101.6326
895,101.7605,102.4844,101.4729,102.3554,5394959,5394959,0.704052,0.693,102.1461
896,102.5736,103.3272,102.2761,103.1983,5480959,5480959,0.842881,0.823,102.8837
897,102.9008,103.0992,102.1274,102.3158,5057189,5057189,-0.882546,-0.855,102.4524
898,102.4546,102.6345,101.7803,102.3554,4082263,4082263,0.039665,0.039,102.2347
899,102.7818,103.0099,102.291,102.4844,4467738,4467738,0.12891,0.126,102.6093
900,102.7818,102.9603,102.3976,102.9108,3919911,3919911,0.426399,0.416,102.7742
901,102.058,103.1983,101.7803,102.9008,7135312,7135312,-0.009915,-0.01,102.9034
902,102.8314,103.1289,102.6529,102.8612,8712708,8712708,-0.039665,-0.039,102.8781
903,103.1884,103.3173,102.1621,102.6529,13766043,13766043,-0.208241,-0.202,102.6249
904,103.1686,103.2082,102.5736,103.0298,4466772,4466772,0.376816,0.367,103.0203
905,102.5339,102.5934,101.4035,102.1472,6337523,6337523,-0.882545,-0.857,102.0195
906,102.4744,102.876,102.2365,102.3158,6372227,6372227,0.168576,0.165,102.497
907,102.8413,104.5569,102.7422,103.6842,6508616,6508616,1.3684,1.337,103.9092
908,103.4561,103.8925,103.1884,103.5553,5787188,5787188,-0.12891,-0.124,103.6538
909,104.5965,105.2609,104.2693,105.2609,6955980,6955980,1.7056,1.647,104.9235
910,105.7468,105.751,104.8742,105.3204,5212380,5212380,0.059497,0.057,105.2407
911,105.37,105.37,104.3585,104.9436,6215736,6215736,-0.376818,-0.358,104.7982
912,104.6163,105.9402,104.6163,105.1915,8154048,8154048,0.247905,0.236,105.3749
913,104.8543,105.251,104.071,104.418,12622921,12622921,-0.773466,-0.735,104.4715
914,104.4676,104.6362,103.7437,103.952,7330304,7330304,-0.466062,-0.446,104.1722
915,104.2494,105.0427,103.952,104.5271,9754361,9754361,0.575142,0.553,104.5293
916,104.6163,104.8791,103.5861,104.0908,8198591,8198591,-0.436316,-0.417,104.2334
917,104.1205,104.7254,103.7735,104.4279,4777558,4777558,0.337153,0.324,104.4077
918,104.3288,104.7948,104.18,104.6758,4959424,4959424,0.247905,0.237,104.5588
919,104.6163,104.7675,101.8893,102.1571,9395348,9395348,-2.5187,-2.406,102.5247
920,102.2464,103.1487,102.0183,102.0778,6263608,6263608,-0.079331,-0.078,102.3544
921,102.2067,103.2479,102.0381,103.0198,8337416,8337416,0.942044,0.923,102.8501
922,102.881,104.1007,102.8711,103.7041,5947771,5947771,0.684219,0.664,103.643
923,103.8726,104.5469,103.8082,104.3585,7676288,7676288,0.654473,0.631,104.2213
924,104.656,105.1022,104.2198,104.5569,4885565,4885565,0.198325,0.19,104.6738
925,104.7651,105.013,104.4081,104.7056,4411064,4411064,0.148743,0.142,104.7256
926,104.8246,104.8543,104.0191,104.4279,4146782,4146782,-0.277654,-0.265,104.3502
927,104.7155,105.3601,104.2693,105.3502,4396081,4396081,0.92221,0.883,104.9704
928,105.3997,106.0641,104.9833,105.836,4587001,4587001,0.485896,0.461,105.6735
929,105.7071,106.7483,105.6476,106.1137,4786966,4786966,0.277655,0.262,106.2286
930,106.6789,106.6988,105.9253,106.4112,4015646,4015646,0.297488,0.28,106.3165
931,106.7979,107.6805,106.6988,107.5317,6473099,6473099,1.1205,1.053,107.4475
932,107.5912,107.7995,106.9962,107.2045,6496053,6496053,-0.327237,-0.304,107.4179
933,107.5912,108.3449,107.4921,107.7499,5154563,5154563,0.545394,0.509,107.8549
934,107.8788,108.1366,106.2624,107.3929,5552165,5552165,-0.356986,-0.331,106.9836
935,107.3433,107.5119,106.4013,106.6393,5979405,5979405,-0.753634,-0.702,106.7986
936,106.7186,107.0954,106.5599,106.8971,4817276,4817276,0.257824,0.242,106.9138
937,106.3715,106.8773,106.0046,106.1236,10840248,10840248,-0.773468,-0.724,106.3097
938,106.7979,106.7979,106.074,106.6492,7848922,7848922,0.525561,0.495,106.5671
939,107.145,107.3235,106.198,106.6293,6316736,6316736,-0.019834,-0.019,106.5242
940,106.6591,107.7301,106.2823,107.502,10511238,10511238,0.872632,0.818,107.2504
941,108.4936,109.6835,107.0954,108.6324,12208648,12208648,1.1305,1.052,108.8564
942,109.4555,109.8125,108.7514,108.8803,7380110,7380110,0.247906,0.228,109.2037
943,109.1481,109.2076,107.7796,108.7911,7862681,7862681,-0.089246,-0.082,108.5338
944,108.7514,109.3117,108.0077,109.1183,5148598,5148598,0.327236,0.301,108.7853
945,109.6538,109.7629,107.7499,109.0588,8002479,8002479,-0.059498,-0.055,108.7026
946,109.5745,110.4669,109.4951,110.1397,6167261,6167261,1.0809,0.991,109.9728
947,110.0901,110.4372,109.277,110.0505,5506607,5506607,-0.089246,-0.081,109.8381
948,110.0108,110.4868,109.5794,110.4273,3758386,3758386,0.376816,0.342,110.1672
949,110.4273,111.2107,110.2686,110.9826,4094744,4094744,0.55531,0.503,111.0149
950,111.3098,111.527,110.6256,111.1512,3697908,3697908,0.168577,0.152,111.0068
951,111.0718,111.9593,110.8834,111.528,4418427,4418427,0.376817,0.339,111.5168
952,110.8636,111.2819,110.0009,111.2007,4212723,4212723,-0.327236,-0.293,110.7797
953,110.7743,111.0421,110.3479,110.9429,4198857,4198857,-0.257823,-0.232,110.7873
954,110.6157,110.9181,110.4025,110.4669,7185634,7185634,-0.475979,-0.429,110.5698
955,110.1496,111.1016,109.8819,111.0421,5679647,5679647,0.575141,0.521,110.6306
956,110.4074,110.933,109.2175,109.3266,6895082,6895082,-1.7155,-1.545,109.7524
957,110.017,110.7024,109.8382,110.2852,5655121,5655121,0.958644,0.877,110.3493
958,109.9574,110.1759,108.9739,109.0932,8812373,8812373,-1.1921,-1.081,109.2733
959,109.2223,109.9475,108.964,109.2223,6873218,6873218,0.129139,0.118,109.4434
960,109.719,110.7521,109.57,110.7124,6456517,6456517,1.4901,1.364,110.4922
961,110.762,110.921,109.9673,110.0865,4067864,4067864,-0.625829,-0.565,110.2805
962,110.5733,111.4177,110.4044,111.2289,3045750,3045750,1.1424,1.038,111.0706
963,111.2587,111.7952,111.1693,111.6362,6620490,6620490,0.407288,0.366,111.5744
964,111.8548,112.863,111.815,112.6097,6671272,6671272,0.973513,0.872,112.4698
965,112.868,112.868,106.1925,109.1329,14505432,14505432,-3.4768,-3.088,108.8371
966,109.7687,111.8448,109.3018,111.8448,18533344,18533344,2.7119,2.485,110.9025
967,111.6362,111.6958,109.0335,109.9971,13101791,13101791,-1.8477,-1.652,109.9708
968,110.5932,110.7124,106.262,106.719,18909077,18909077,-3.2782,-2.98,107.391
969,106.8282,108.517,105.8945,107.8614,12081503,12081503,1.1424,1.07,107.8894
970,107.772,109.4408,107.5385,109.0137,7532053,7532053,1.1523,1.068,108.8955
971,109.0435,110.6726,108.7256,110.6627,7384855,7384855,1.649,1.513,110.3166
972,111.3879,111.8647,111.0749,111.8548,7594900,7594900,1.1921,1.077,111.5791
973,111.7554,112.5998,111.4127,111.6263,7538608,7538608,-0.228477,-0.204,111.9841
974,111.6263,112.977,111.2587,112.7091,8754436,8754436,1.0828,0.97,112.6105
975,112.9971,113.613,112.4408,112.5601,8088922,8088922,-0.149007,-0.132,112.859
976,113.0071,113.3349,112.1726,112.1726,9815572,9815572,-0.387419,-0.344,112.6475
977,113.1859,113.4442,111.6461,113.0667,16387998,16387998,0.894044,0.797,112.9084
978,113.7968,113.9905,112.5005,112.7985,8961777,8961777,-0.268214,-0.237,113.0548
979,112.5154,112.5303,111.3382,111.3978,7899423,7899423,-1.4007,-1.242,111.903
980,111.8945,112.3534,111.2488,111.3779,6201850,6201850,-0.019869,-0.018,111.6232
981,112.1875,112.3514,111.576,111.666,8866354,8866354,0.288081,0.259,111.8046
982,111.6859,112.3614,111.5071,111.9442,6190062,6190062,0.278147,0.249,111.9725
983,111.3283,112.6889,111.3283,112.2422,3948877,3948877,0.298014,0.266,112.1983
984,111.9442,113.315,111.9059,113.2654,7073082,7073082,1.0232,0.912,113.0284
985,113.5435,114.1593,113.2356,113.5932,6937066,6937066,0.327817,0.289,113.5935
986,113.9905,114.1296,113.2654,113.2654,5248976,5248976,-0.327817,-0.289,113.5855
987,113.8117,114.3183,113.1958,113.7521,6080894,6080894,0.486757,0.43,113.6929
988,114.1892,115.0187,113.9011,114.8846,6946106,6946106,1.1325,0.996,114.6442
989,115.4806,116.5832,115.2621,115.3117,7805278,7805278,0.427154,0.372,115.7296
990,116.2157,118.2124,115.6495,118.0733,8590495,8590495,2.7616,2.395,117.2103
991,117.825,119.6796,117.2886,118.5501,6660722,6660722,0.476823,0.404,118.7023
992,119.176,119.176,117.8746,118.3217,6562409,6562409,-0.228477,-0.193,118.3116
993,117.9044,118.2621,116.6826,118.1925,7490349,7490349,-0.12914,-0.109,117.7155
994,118.0137,119.1859,117.8945,119.0468,5982149,5982149,0.854308,0.723,118.8202
995,119.325,119.5535,118.9177,119.2952,5585787,5585787,0.248345,0.209,119.242
996,120.378,121.1329,119.1164,119.5932,8803789,8803789,0.298014,0.25,120.1377
997,120.3978,121.3515,119.9309,121.1727,7991512,7991512,1.5795,1.321,120.7647
998,121.7091,122.3796,121.2223,122.2952,8660985,8660985,1.1225,0.926,122.0695
999,122.2356,122.8316,121.1131,121.8879,8250687,8250687,-0.407288,-0.333,121.8393
1000,122.0568,123.5071,121.5899,123.5071,9355047,9355047,1.6192,1.328,122.8945
1001,123.7753,124.6793,123.3879,123.825,5683320,5683320,0.317882,0.257,123.9165
1002,124.2224,124.6197,122.8912,123.7257,6425224,6425224,-0.099337,-0.08,123.8072
1003,124.1727,124.6396,123.8051,124.3912,7166403,7166403,0.665565,0.538,124.3354
1004,124.9376,125.5435,123.9343,125.4839,5604949,5604949,1.0927,0.878,124.8985
1005,125.9012,126.0402,123.8598,124.0137,6257887,6257887,-1.4702,-1.172,124.548
1006,123.0005,123.4674,122.027,122.7323,8154371,8154371,-1.2815,-1.033,122.8774
1007,122.9608,123.6561,122.2257,123.4078,7338184,7338184,0.675498,0.55,123.2829
1008,123.9144,125.4243,123.2786,124.8879,11169657,11169657,1.4801,1.199,124.2998
1009,122.9012,122.9012,119.9011,120.1098,13937710,13937710,-4.7782,-3.826,121.1335
1010,117.9144,120.3283,114.2488,115.5005,16623914,16623914,-4.6093,-3.838,117.8299
1011,114.4375,119.5038,112.5005,119.176,19053339,19053339,3.6755,3.182,116.8461
1012,119.2952,121.6495,118.421,118.8581,9293996,9293996,-0.317882,-0.267,119.9109
1013,118.7389,119.027,112.7885,113.1064,12673416,12673416,-5.7517,-4.839,115.7083
1014,113.7918,116.4342,110.2853,115.5501,17695515,17695515,2.4437,2.161,113.5077
1015,117.0104,118.0535,116.1064,117.6859,11526322,11526322,2.1358,1.848,117.4217
1016,117.07,118.0137,116.3549,117.5667,7803914,7803914,-0.119204,-0.101,117.2184
1017,116.8415,120.1495,116.7223,120.0303,9206447,9206447,2.4636,2.095,119.2947
1018,121.105,121.712,119.3835,121.6822,6921256,6921256,1.6519,1.376,120.6805
1019,121.0353,122.3887,120.9756,121.2543,6371435,6371435,-0.427897,-0.352,121.6321
1020,120.7567,122.4484,120.4283,121.4135,6182797,6182797,0.159217,0.131,121.6035
1021,121.4533,122.2295,119.8213,119.8412,7676065,7676065,-1.5723,-1.295,120.9115
1022,120.08,120.7866,119.0319,119.7915,4993959,4993959,-0.049757,-0.042,119.968
1023,120.9756,122.3588,120.6283,122.329,5036876,5036876,2.5375,2.118,121.6333
1024,122.9758,123.9908,122.7171,123.9809,6270475,6270475,1.6519,1.35,123.522
1025,124.0903,124.6874,122.7469,122.7668,7287215,7287215,-1.214,-0.979,123.5808
1026,123.0455,124.369,122.2792,122.3389,6780867,6780867,-0.427899,-0.349,123.2327
1027,122.6574,123.3938,119.0352,119.8114,8819616,8819616,-2.5276,-2.066,120.3901
1028,118.5078,120.3885,117.2838,120.1796,7581920,7581920,0.368192,0.307,119.0813
1029,119.8611,121.712,118.8561,121.2841,5810235,5810235,1.1046,0.919,120.6054
1030,122.2295,122.6375,120.08,120.4681,7464417,7464417,-0.815991,-0.673,120.6696
1031,119.4432,121.6424,119.1148,121.2543,7254084,7254084,0.786138,0.653,120.6928
1032,121.3637,122.2195,120.5752,121.6225,6948887,6948887,0.36819,0.304,121.4049
1033,122.6474,124.1799,122.2693,123.9013,6397723,6397723,2.2788,1.874,123.4669
1034,124.1401,124.369,122.8763,123.6326,8635974,8635974,-0.268679,-0.217,123.5904
1035,123.6425,124.3889,122.2991,122.5977,9479456,9479456,-1.0349,-0.837,122.9429
1036,123.4336,123.4336,121.304,121.9807,7854962,7854962,-0.616968,-0.503,122.0762
1037,122.528,123.8117,122.1001,122.8066,5861935,5861935,0.825941,0.677,122.9249
1038,123.2445,124.4386,122.727,123.9212,9447131,9447131,1.1145,0.908,123.6868
1039,123.3341,123.7022,121.6822,122.6076,17387751,17387751,-1.3135,-1.06,122.5766
1040,122.7768,124.558,122.6972,124.2993,7779656,7779656,1.6917,1.38,124.1138
1041,124.2894,124.8267,122.4683,122.6176,7359545,7359545,-1.6817,-1.353,123.6201
1042,121.6026,122.0802,119.1148,119.4034,10501470,10501470,-3.2142,-2.621,120.3754
1043,119.3039,120.1397,116.1892,116.428,10024268,10024268,-2.9754,-2.492,118.0281
1044,118.5078,120.1497,117.2241,120.0502,8735438,8735438,3.6222,3.111,118.8856
1045,120.9259,121.0055,116.1693,116.826,9008647,9008647,-3.2242,-2.686,118.3028
1046,116.3583,117.4928,115.4627,116.418,9420430,9420430,-0.407995,-0.349,116.5791
1047,117.1047,120.0053,116.4678,119.0352,12918073,12918073,2.6171,2.248,118.409
1048,118.6869,119.2441,116.1892,117.8112,9877103,9877103,-1.224,-1.028,117.3293
1049,118.3087,119.4034,116.9156,118.6172,7084805,7084805,0.80604,0.684,118.191
1050,116.3285,119.5327,116.1396,119.2242,8425714,8425714,0.607019,0.512,117.8843
1051,120.4084,121.4135,119.7815,120.5975,6815997,6815997,1.3733,1.152,120.6595
1052,119.5924,119.9673,116.5474,117.1246,8383796,8383796,-3.4729,-2.88,117.7883
1053,118.05,120.08,118.05,118.2092,7024815,7024815,1.0847,0.926,118.9571
1054,119.9706,120.5676,119.0551,120.1298,9006074,9006074,1.9206,1.625,120.0379
1055,119.4034,121.0652,119.0352,119.1944,5874943,5874943,-0.935404,-0.779,119.9157
1056,119.8114,121.3836,119.8015,120.4781,5666005,5666005,1.2837,1.077,120.7481
1057,121.1349,121.8712,120.0601,120.1596,9174257,9174257,-0.318436,-0.264,120.8125
1058,121.513,122.2693,120.9159,121.2841,6903235,6903235,1.1245,0.936,121.4699
1059,122.3091,123.6525,121.921,123.1947,5979617,5979617,1.9106,1.575,123.1597
1060,123.4535,124.2595,122.7768,123.8714,5171047,5171047,0.676675,0.549,123.804
1061,123.7022,124.1102,122.5479,123.354,7294128,7294128,-0.517458,-0.418,123.3225
1062,123.4535,124.2098,122.7071,123.5928,7479439,7479439,0.238827,0.194,123.4589
1063,123.6923,124.359,123.2942,123.8515,8004330,8004330,0.258729,0.209,123.8152
1064,124.2595,124.4287,119.9606,120.6771,9434388,9434388,-3.1744,-2.563,121.8852
1065,120.5477,120.7567,118.7894,120.6174,7993775,7993775,-0.059706,-0.049,119.9977
1066,124.5282,126.9662,123.1758,126.4587,14345791,14345791,5.8413,4.843,125.7323
1067,125.8218,126.4388,124.777,125.3939,6842673,6842673,-1.0648,-0.842,125.502
1068,126.1204,127.2747,126.0408,126.2597,8449212,8449212,0.865746,0.69,126.6316
1069,126.2398,126.9463,124.8964,126.8866,6407333,6407333,0.62692,0.497,125.9889
1070,127.2548,127.4737,125.384,125.7621,8515290,8515290,-1.1245,-0.886,126.2035
1071,125.1949,126.8368,124.709,126.5582,6778649,6778649,0.796089,0.633,125.875
1072,125.7124,127.7324,125.4536,127.5334,5798380,5798380,0.975208,0.771,127.0682
1073,127.7722,128.8868,127.623,128.628,5737264,5737264,1.0946,0.858,128.4243
1074,128.5086,129.3346,127.6827,129.2649,5044721,5044721,0.63687,0.495,128.7734
1075,129.3744,130.3595,128.9564,130.2003,6119401,6119401,0.935405,0.724,129.7223
1076,130.6481,131.1059,130.0809,130.3595,6585753,6585753,0.159217,0.122,130.5482
1077,130.3595,131.4442,129.5943,131.1755,5437124,5437124,0.815992,0.626,130.8978
1078,131.7825,131.8522,130.0311,130.5685,5017015,5017015,-0.607018,-0.463,130.9294
1079,129.9217,130.7576,129.2649,130.459,5532295,5532295,-0.109461,-0.084,130.1659
1080,130.4491,130.7576,129.9018,130.2501,5124193,5124193,-0.208975,-0.16,130.358
1081,130.1504,130.3696,129.1835,129.5025,4911730,4911730,-0.747584,-0.574,129.7362
1082,129.1935,129.9111,128.6453,129.5025,6082685,6082685,0,0,129.4634
1083,130.5191,131.0739,129.5623,130.2301,5591804,5591804,0.727598,0.562,130.1306
1084,130.569,131.3464,130.0706,130.2799,6645481,6645481,0.049835,0.038,130.4639
1085,129.6321,131.476,129.3729,131.4461,6569116,6569116,1.1662,0.895,130.6535
1086,131.3863,131.775,130.0706,131.456,6035241,6035241,0.009967,0.008,131.1187
1087,131.4461,131.6653,130.4992,130.848,7509647,7509647,-0.607993,-0.463,130.9316
1088,129.961,130.6188,128.6354,129.2633,10401923,10401923,-1.5848,-1.211,129.3719
1089,129.7716,130.6686,129.4427,130.2102,10631269,10631269,0.946875,0.733,130.1207
1090,130.2201,131.1488,129.5523,130.2899,11085956,11085956,0.079736,0.061,130.3075
1091,131.4062,132.074,129.9311,130.4195,8323370,8323370,0.129573,0.099,130.9143
1092,131.5059,133.1305,130.9976,132.6322,7177958,7177958,2.2127,1.697,132.4969
1093,132.9411,133.1803,132.2634,133.1205,6198152,6198152,0.488388,0.368,132.7887
1094,133.5591,135.8615,133.1704,135.8316,8065764,8065764,2.7111,2.037,135.0309
1095,135.9113,136.1306,132.6122,133.3996,8309178,8309178,-2.432,-1.79,133.6524
1096,133.0009,134.4711,132.7916,134.2967,5260976,5260976,0.897038,0.672,133.9276
1097,134.4561,134.7452,133.3697,133.4694,7988703,7988703,-0.827269,-0.616,133.7767
1098,133.599,134.6844,133.1006,134.4163,5743302,5743302,0.946875,0.709,134.1704
1099,134.7352,135.3233,133.8681,133.9578,4881581,4881581,-0.458486,-0.341,134.5073
1100,134.5159,135.2535,134.3066,134.5558,6464068,6464068,0.598025,0.446,134.6446
1101,134.6555,135.2834,133.5591,134.6555,10044514,10044514,0.099671,0.074,134.6353
1102,133.9279,135.8615,133.6787,135.7519,8713298,8713298,1.0964,0.814,135.1837
1103,134.1173,134.79,133.1305,134.6654,6557632,6557632,-1.0864,-0.8,134.2935
1104,135.0741,136.2402,135.0542,135.0542,7191977,7191977,0.388717,0.289,135.3828
1105,134.8249,135.6671,133.8182,134.0874,8689806,8689806,-0.966809,-0.716,134.3384
1106,135.1538,135.403,133.8182,134.8847,6173350,6173350,0.797369,0.595,134.8595
1107,134.4661,134.4661,129.1038,130.4992,10086236,10086236,-4.3855,-3.251,130.9324
1108,131.6753,133.3498,131.177,132.1139,7733865,7733865,1.6147,1.237,132.4144
1109,132.5724,133.2172,130.5789,130.5889,7281166,7281166,-1.525,-1.154,131.7967
1110,130.569,132.682,130.2236,132.3032,6576536,6576536,1.7143,1.313,131.5523
1111,132.8415,133.7485,132.0142,132.0142,7258961,7258961,-0.289045,-0.218,132.6568
1112,131.5258,132.6122,130.7185,132.064,7554385,7554385,0.049835,0.038,132.068
1113,132.5724,132.971,130.9876,131.0175,3621640,3621640,-1.0465,-0.792,131.7161
1114,131.6953,132.8913,131.3962,132.8514,4729298,4729298,1.8339,1.4,132.318
1115,133.1405,133.8382,132.064,133.6488,4839785,4839785,0.797367,0.6,133.3668
1116,134.496,135.5215,134.3465,135.0741,8960741,8960741,1.4253,1.066,135.0176
1117,135.1239,136.8781,134.8947,136.2402,6561867,6561867,1.1662,0.863,136.2226
1118,136.1804,138.3533,136.1505,137.6954,10648707,10648707,1.4552,1.068,137.738
1119,138.5526,139.4895,138.2038,139.4397,11816114,11816114,1.7442,1.267,139.1507
1120,139.33,139.5693,137.0874,138.9613,7866197,7866197,-0.478421,-0.343,138.6696
1121,138.9613,139.0908,137.7054,138.0044,4970287,4970287,-0.956841,-0.689,138.0666
1122,137.7253,139.4497,136.9678,139.1805,5412609,5412609,1.1761,0.852,138.8216
1123,139.4497,140.7055,138.9114,140.4364,7008550,7008550,1.2559,0.902,140.0477
1124,140.4862,140.5261,139.4696,139.6689,7937007,7937007,-0.767466,-0.546,139.7812
1125,139.5394,141.0045,139.4596,140.5261,7156679,7156679,0.85717,0.614,140.464
1126,140.1972,140.5062,139.1805,139.5693,7723617,7723617,-0.956841,-0.681,139.75
1127,140.5261,141.007,139.051,139.5693,8336698,8336698,0,0,139.8593
1128,139.8782,142.3002,139.4397,142.1707,8386662,8386662,2.6014,1.864,141.076
1129,141.1441,142.3202,139.0709,142.0311,10520800,10520800,-0.139539,-0.098,141.2714
1130,142.6092,142.669,138.752,140.247,7015207,7015207,-1.7841,-1.256,140.4063
1131,139.6689,139.958,134.8648,136.0309,12812351,12812351,-4.2161,-3.006,136.526
1132,136.6788,137.5659,135.1837,136.2901,7683341,7683341,0.259144,0.191,136.342
1133,137.2868,138.2785,136.9579,137.7951,7087731,7087731,1.505,1.104,137.6523
1134,136.9977,138.732,136.5492,138.4629,12300023,12300023,0.667795,0.485,138.1735
1135,138.8317,139.3998,137.4861,139.3599,4617813,4617813,0.897039,0.648,138.8013
1136,139.1905,139.7985,138.5925,139.2503,5143228,5143228,-0.109639,-0.079,139.1429
1137,139.5194,140.2271,139.4124,139.8184,10034524,10034524,0.568126,0.408,139.8186
1138,139.5194,140.5261,139.3699,140.2171,5389491,5389491,0.398683,0.285,140.1035
1139,140.267,140.7753,139.4397,139.5493,5679260,5679260,-0.667795,-0.476,139.8963
1140,139.4198,140.277,138.7918,139.2702,6523759,6523759,-0.279079,-0.2,139.4562
1141,140.0676,140.7753,139.3699,139.7487,4817496,4817496,0.478421,0.344,139.9742
1142,139.8384,140.5261,139.4198,140.2969,5888925,5888925,0.54819,0.392,140.0695
1143,139.8882,140.2271,138.3832,139.4596,5288739,5288739,-0.837236,-0.597,139.2757
1144,140.8172,141.2364,140.1684,140.398,5931651,5931651,0.938335,0.673,140.6479
1145,140.5277,141.4561,140.3131,141.0767,7699607,7699607,0.678782,0.483,140.9797
1146,141.2864,141.3463,140.4479,140.6874,4662168,4662168,-0.389301,-0.276,140.7709
1147,140.7473,141.2039,139.5495,139.789,6854347,6854347,-0.898388,-0.639,140.1502
1148,139.5994,141.2764,139.5994,140.8871,4191949,4191949,1.098,0.785,140.8245
1149,140.7573,142.1897,140.5177,141.8454,4427093,4427093,0.95828,0.68,141.705
1150,142.065,144.1213,142.065,143.9416,5714023,5714023,2.0962,1.478,143.6085
1151,144.7302,145.3391,144.4507,145.1394,7194938,7194938,1.1978,0.832,144.9971
1152,145.369,145.9081,144.6104,144.9398,4926041,4926041,-0.199641,-0.138,145.0926
1153,145.1993,147.0359,145.1594,146.7665,5192935,5192935,1.8267,1.26,146.6641
1154,146.5569,147.4453,146.0977,146.477,7804963,7804963,-0.28948,-0.197,146.7011
1155,146.477,147.3754,146.2375,146.6268,5786569,5786569,0.149731,0.102,146.6742
1156,146.6667,147.595,146.4041,147.5351,7638091,7638091,0.908369,0.62,147.3223
1157,146.7366,147.5551,142.2945,142.4143,11363391,11363391,-5.1208,-3.471,143.5674
1158,143.0332,144.4407,142.2846,144.2411,9589246,9589246,1.8267,1.283,143.7569
1159,143.732,144.1812,142.4942,142.9434,13626619,13626619,-1.2977,-0.9,143.1099
1160,143.8717,144.1812,142.9534,143.8218,5362684,5362684,0.878423,0.615,143.7316
1161,143.2029,145.2592,142.9933,145.2293,9896017,9896017,1.4075,0.979,144.8196
1162,145.5886,146.5369,144.8133,146.3073,6964135,6964135,1.0781,0.742,145.9436
1163,146.8863,147.7997,146.8264,147.3654,5803447,5803447,1.0581,0.723,147.3747
1164,147.6449,148.1041,147.0859,147.5751,4928283,4928283,0.209624,0.142,147.6646
1165,147.5651,147.635,145.5687,145.918,7708643,7708643,-1.657,-1.123,146.2061
1166,145.938,147.8243,145.6885,147.3654,5692208,5692208,1.4474,0.992,147.3111
1167,148.0143,148.5533,146.9871,147.1558,7432335,7432335,-0.209624,-0.142,147.3426
1168,147.7248,149.2171,146.9362,148.9726,7172740,7172740,1.8167,1.235,148.7163
1169,149.6813,149.9907,149.0824,149.7811,15628076,15628076,0.808548,0.543,149.7069
1170,148.8927,149.3818,147.0061,148.8428,6706692,6706692,-0.938315,-0.626,148.8799
1171,149.4417,149.6913,148.8328,149.312,4230860,4230860,0.469158,0.315,149.3048
1172,149.7312,150.1504,148.7729,149.0025,5852463,5852463,-0.309445,-0.207,149.4847
1173,149.6314,150.3701,149.294,149.7512,5868620,5868620,0.748656,0.502,149.8658
1174,149.5415,150.1005,149.282,149.821,6035936,6035936,0.069875,0.047,149.7392
1175,150.6196,151.2884,150.3401,150.5198,9802691,9802691,0.698745,0.466,150.6969
1176,150.5697,150.5697,148.9027,149.4018,8047706,8047706,-1.118,-0.743,149.5491
1177,150.4399,150.4399,148.9227,149.1023,7521101,7521101,-0.299462,-0.2,149.4928
1178,148.9127,149.0125,145.8382,146.497,9208887,9208887,-2.6053,-1.747,146.7599
1179,146.3772,147.1458,144.1412,145.0995,7085718,7085718,-1.3975,-0.954,145.2435
1180,144.7501,144.7501,139.9288,141.6357,11637314,11637314,-3.4638,-2.387,141.7455
1181,141.2065,143.0332,140.8671,142.055,10798415,10798415,0.419247,0.296,142.1585
1182,142.3145,142.4328,134.9677,135.2771,15450086,15450086,-6.7778,-4.771,137.3724
1183,133.8497,136.9941,132.023,133.4904,15657170,15657170,-1.7868,-1.321,134.4846
1184,138.2318,140.7274,137.1837,139.809,12993257,12993257,6.3187,4.733,139.2328
1185,139.6493,139.809,136.9741,136.9841,7953001,7953001,-2.8249,-2.021,138.0548
1186,138.4614,141.8853,138.4315,141.486,11059518,11059518,4.5019,3.286,140.7855
1187,142.0849,142.604,140.4778,142.1947,9170646,9170646,0.708728,0.501,141.9588
1188,142.2047,142.2047,137.7028,139.0404,10222553,10222553,-3.1543,-2.218,139.4324
1189,139.6493,141.9352,139.1302,139.829,8696873,8696873,0.788585,0.567,140.3732
1190,140.7174,141.2864,139.26,140.388,6099509,6099509,0.558996,0.4,140.3886
1191,136.6447,139.789,135.347,138.8707,10736088,10736088,-1.5173,-1.081,137.5681
1192,139.4497,139.9288,133.7599,134.0194,13849587,13849587,-4.8513,-3.493,136.4245
1193,135.2073,140.6475,132.2626,140.2682,14985905,14985905,6.2488,4.663,137.8207
1194,137.7327,139.6194,135.8162,137.4932,12034937,12034937,-2.775,-1.978,137.779
1195,139.3598,141.2564,132.033,134.0893,12768190,12768190,-3.4039,-2.476,136.0987
1196,132.8415,134.6183,129.5574,132.5221,15107555,15107555,-1.5672,-1.169,131.925
1197,134.7481,138.8707,134.7481,137.603,13205283,13205283,5.0809,3.834,137.5441
1198,138.7509,140.6176,137.2436,140.5776,16023953,16023953,2.9747,2.162,139.8154
1199,140.8571,141.2011,137.603,139.5295,17063121,17063121,-1.0481,-0.746,139.3073
1200,139.5495,139.9587,137.8226,139.5495,6280034,6280034,0.019964,0.014,139.0786
1201,139.5495,140.6575,139.4696,140.5377,4732703,4732703,0.988226,0.708,140.1881
1202,142.0849,144.6403,142.065,144.5206,20502121,20502121,3.9829,2.834,144.0859
1203,144.3409,145.1993,143.3946,144.9697,5927356,5927356,0.449194,0.311,144.5873
1204,143.9416,144.3109,142.1049,143.6721,8339828,8339828,-1.2977,-0.895,143.2226
1205,143.163,143.3826,138.9206,139.4696,11335081,11335081,-4.2025,-2.925,140.0953
1206,140.0985,141.6457,138.7609,139.4696,6286973,6286973,0,0,139.8327
1207,141.7655,142.3445,138.1648,139.24,6613922,6613922,-0.229588,-0.165,139.7558
1208,138.85,141.91,137.93,141.84,8564991,8564991,2.6,1.867,140.1701
1209,140.42,141.84,139.92,140.18,8628027,8628027,-1.66,-1.17,140.5497
1210,140.47,140.57,134.25,134.76,16252967,16252967,-5.42,-3.866,135.4655
1211,130.31,134.53,129.54,133.37,12720172,12720172,-1.39,-1.031,132.6987
1212,134.36,135.78,133.63,134.42,7416670,7416670,1.05,0.787,134.8059
1213,132.59,134.25,132.49,132.87,3676032,3676032,-1.55,-1.153,133.307
1214,134.6,136.52,134.25,135.94,9144597,9144597,3.07,2.311,135.6773
1215,135.28,136.31,134.12,135.91,7877868,7877868,-0.03,-0.022,135.5456
1216,137.07,141.54,136.8686,141.38,11265076,11265076,5.47,4.025,139.759
1217,140.69,140.7,138.71,139.1,8751920,8751920,-2.28,-1.613,139.6469
1218,139.01,142.26,138.63,141.71,11362793,11362793,2.61,1.876,141.2019
1219,145,145.72,143.855,145,11283568,11283568,3.29,2.322,144.8112
1220,143.13,144.35,138.5,138.64,13988900,13988900,-6.36,-4.386,140.6157
1221,135.04,141.11,133.48,141.05,16391896,16391896,2.41,1.738,137.999
1222,140.82,142.13,135.9938,137.11,14007711,14007711,-3.94,-2.793,137.8919
1223,136.25,138.27,134.8555,137.88,15744294,15744294,0.77,0.562,137.1804
1224,139.94,140.05,135.92,136.81,12466320,12466320,-1.07,-0.776,137.3256
1225,139.3,140.88,137.75,137.8,10387198,10387198,0.99,0.724,139.0046
1226,138.3,139.13,136.15,137.54,8780914,8780914,-0.26,-0.189,137.4687
1227,135.69,136.72,134.55,135.09,9351186,9351186,-2.45,-1.781,135.3366
1228,134.21,134.43,130.69,131.4,11796196,11796196,-3.69,-2.732,132.1548
1229,132.29,134.17,131.8,132.66,12762333,12762333,1.26,0.959,132.9155
1230,132.93,135.87,129.52,131.26,13819008,13819008,-1.4,-1.055,132.6585
1231,130.16,132.01,127.15,128.76,18091669,18091669,-2.5,-1.905,129.1108
1232,127.18,130.33,122.9501,124.26,25448609,25448609,-4.5,-3.495,125.4434
1233,122.08,125.21,121.6,121.73,8617681,8617681,-2.53,-2.036,123.0797
1234,123.02,130.24,123,130.23,13499510,13499510,8.5,6.983,127.5706
1235,127.99,132.01,126.52,132.01,10882979,10882979,1.78,1.367,129.0305
1236,133.08,133.62,129.66,130.94,7381742,7381742,-1.07,-0.811,131.357
1237,131.68,132.44,130.23,131.94,7976007,7976007,1,0.764,131.3335
1238,130,133.74,129.6,132.92,8788010,8788010,0.98,0.743,132.7132
1239,131.21,131.28,127.88,128.13,9428280,9428280,-4.79,-3.604,129.1494
1240,130.44,134.5886,130.13,133.65,11065782,11065782,5.52,4.308,133.189
1241,134.45,137.169,134.04,136.06,12928362,12928362,2.41,1.803,135.9538
1242,137.97,138.19,135.96,136.8,9243043,9243043,0.74,0.544,136.9531
1243,138.3,139.48,137.62,138.41,9987569,9987569,1.61,1.177,138.6742
1244,136.81,138.82,136.36,138.67,12514916,12514916,0.26,0.188,138.1584
1245,137.75,138.6,137.41,138.06,5860051,5860051,-0.61,-0.44,137.9048
1246,136.99,138.13,136.65,137.1,8666670,8666670,-0.96,-0.695,137.3073
1247,136.96,137.72,135.25,137.34,7594993,7594993,0.24,0.175,136.9271
1248,138.4,138.87,137.07,137.34,7257982,7257982,0,0,137.8435
1249,136.97,137.91,136.59,137.28,5864878,5864878,-0.06,-0.044,137.1376
1250,138.31,138.6,136.64,138.5,10263458,10263458,1.22,0.889,138.0276
1251,137.9,139.52,136.975,138.05,8102321,8102321,-0.45,-0.325,138.0232
1252,138.77,138.98,136.1478,137.01,5465773,5465773,-1.04,-0.753,137.4117
1253,137.11,138.32,136.52,137.7,4925199,4925199,0.69,0.504,137.4878
1254,139,139.9,137.97,138.67,9759451,9759451,0.97,0.704,138.8084
1255,137.51,137.51,134.81,135.99,9857213,9857213,-2.68,-1.933,135.6677
1256,136.59,136.69,134.11,135,7457711,7457711,-0.99,-0.728,134.8412
1257,136.1,137.895,135.51,137.6,8078091,8078091,2.6,1.926,136.834
1258,134.39,135.73,133.3,135.01,20095659,20095659,-2.59,-1.882,134.4899
